Date,Open,High,Low,Close,Market Cap
7-Aug-15,2.83,3.54,2.52,2.77,"166,610,555"
8-Aug-15,2.79,2.8,0.714725,0.753325,"45,486,894"
9-Aug-15,0.706136,0.87981,0.629191,0.701897,"42,399,573"
10-Aug-15,0.713989,0.729854,0.636546,0.708448,"42,818,364"
11-Aug-15,0.708087,1.13,0.663235,1.07,"64,569,288"
12-Aug-15,1.06,1.29,0.883608,1.22,"73,645,011"
13-Aug-15,1.22,1.97,1.17,1.83,"110,607,192"
14-Aug-15,1.81,2.26,1.75,1.83,"110,672,322"
15-Aug-15,1.8,1.88,1.57,1.69,"102,303,608"
16-Aug-15,1.68,1.7,1.09,1.57,"94,901,005"
17-Aug-15,1.58,1.58,1.19,1.2,"87,295,367"
18-Aug-15,1.22,1.33,1.09,1.09,"78,868,413"
19-Aug-15,1.17,1.32,1.17,1.26,"91,366,391"
20-Aug-15,1.25,1.53,1.25,1.46,"106,351,420"
21-Aug-15,1.48,1.56,1.35,1.4,"101,331,856"
22-Aug-15,1.4,1.48,1.35,1.38,"100,201,826"
23-Aug-15,1.38,1.41,1.3,1.35,"98,300,351"
24-Aug-15,1.35,1.36,1.23,1.23,"89,515,257"
25-Aug-15,1.23,1.24,1.13,1.14,"82,922,633"
26-Aug-15,1.13,1.2,1.06,1.16,"84,390,924"
27-Aug-15,1.17,1.19,1.14,1.15,"83,524,585"
28-Aug-15,1.15,1.21,1.12,1.19,"86,731,077"
29-Aug-15,1.19,1.21,1.15,1.18,"86,113,895"
30-Aug-15,1.18,1.37,1.17,1.32,"96,097,349"
31-Aug-15,1.32,1.4,1.2,1.36,"98,963,975"
1-Sep-15,1.35,1.39,1.34,1.35,"98,507,500"
2-Sep-15,1.35,1.35,1.26,1.29,"94,389,544"
3-Sep-15,1.3,1.31,1.21,1.26,"92,234,142"
4-Sep-15,1.26,1.3,1.24,1.27,"92,953,701"
5-Sep-15,1.28,1.34,1.27,1.34,"97,683,883"
6-Sep-15,1.34,1.37,1.29,1.3,"94,580,164"
7-Sep-15,1.3,1.31,1.24,1.25,"91,020,735"
8-Sep-15,1.25,1.28,1.23,1.24,"90,743,242"
9-Sep-15,1.24,1.26,1.2,1.21,"88,150,125"
10-Sep-15,1.21,1.22,1.14,1.17,"85,202,732"
11-Sep-15,1.16,1.17,0.940675,0.982978,"71,868,265"
12-Sep-15,0.987228,1.11,0.96978,1.04,"75,971,273"
13-Sep-15,1.04,1.04,0.902832,0.936003,"68,480,587"
14-Sep-15,0.940566,0.949387,0.87176,0.875622,"64,084,135"
15-Sep-15,0.875189,1.05,0.875189,0.94441,"69,141,409"
16-Sep-15,0.941977,0.952698,0.901639,0.907175,"66,437,873"
17-Sep-15,0.906865,0.909204,0.831132,0.874231,"64,046,216"
18-Sep-15,0.874574,0.888102,0.833908,0.853685,"62,561,883"
19-Sep-15,0.849603,0.911883,0.833784,0.882391,"64,687,992"
20-Sep-15,0.881191,0.947741,0.873205,0.938445,"68,822,183"
21-Sep-15,0.941496,0.957326,0.878301,0.919047,"67,422,915"
22-Sep-15,0.919337,0.919337,0.865225,0.901796,"66,180,153"
23-Sep-15,0.90356,0.90891,0.885136,0.893406,"65,587,499"
24-Sep-15,0.896796,0.908571,0.79346,0.81361,"59,749,888"
25-Sep-15,0.820031,0.825665,0.712745,0.736223,"54,085,581"
26-Sep-15,0.73763,0.787544,0.709328,0.785964,"57,759,115"
27-Sep-15,0.791277,0.791277,0.719169,0.720839,"52,990,396"
28-Sep-15,0.723715,0.725677,0.557062,0.582886,"42,863,006"
29-Sep-15,0.579414,0.67583,0.558346,0.661146,"48,633,259"
30-Sep-15,0.661192,0.746722,0.635861,0.738644,"54,351,468"
1-Oct-15,0.734307,0.734307,0.655906,0.690215,"50,805,919"
2-Oct-15,0.683732,0.69112,0.654605,0.678574,"49,966,502"
3-Oct-15,0.678783,0.709204,0.675482,0.687171,"50,616,972"
4-Oct-15,0.686343,0.693126,0.660716,0.668379,"49,249,083"
5-Oct-15,0.666784,0.674438,0.62445,0.628643,"46,336,892"
6-Oct-15,0.622218,0.653944,0.60623,0.650645,"47,974,298"
7-Oct-15,0.650515,0.656301,0.602423,0.609388,"44,947,527"
8-Oct-15,0.609501,0.633138,0.591971,0.621716,"45,872,837"
9-Oct-15,0.655084,0.692296,0.632116,0.650628,"48,022,036"
10-Oct-15,0.641187,0.649022,0.624374,0.627857,"46,356,711"
11-Oct-15,0.627461,0.639506,0.618335,0.634963,"46,897,253"
12-Oct-15,0.634515,0.657789,0.62603,0.62603,"46,253,823"
13-Oct-15,0.627943,0.63024,0.599214,0.607655,"44,911,718"
14-Oct-15,0.61224,0.61224,0.483974,0.522968,"38,665,409"
15-Oct-15,0.523278,0.572714,0.51473,0.561878,"41,556,025"
16-Oct-15,0.562593,0.568861,0.522533,0.536495,"39,691,829"
17-Oct-15,0.534117,0.56346,0.526961,0.547178,"40,496,031"
18-Oct-15,0.547913,0.552234,0.512861,0.517734,"38,329,702"
19-Oct-15,0.517621,0.521546,0.480994,0.489014,"36,215,624"
20-Oct-15,0.489629,0.501898,0.431648,0.434829,"32,213,626"
21-Oct-15,0.431589,0.482988,0.420897,0.447329,"33,150,826"
22-Oct-15,0.444988,0.619466,0.420991,0.567702,"42,085,192"
23-Oct-15,0.56637,0.611743,0.504284,0.539657,"40,020,348"
24-Oct-15,0.539681,0.577396,0.518688,0.56359,"41,809,764"
25-Oct-15,0.563207,0.688192,0.561383,0.616039,"45,716,387"
26-Oct-15,0.619743,0.757517,0.597098,0.731317,"54,289,124"
27-Oct-15,0.70889,0.898172,0.70889,0.869641,"64,580,263"
28-Oct-15,0.870938,1.06,0.807857,1,"74,469,864"
29-Oct-15,1.01,1.21,0.947374,1.21,"89,668,667"
30-Oct-15,1.21,1.35,0.96816,1.04,"77,401,817"
31-Oct-15,1.05,1.06,0.900171,0.916627,"68,163,368"
1-Nov-15,0.920847,1.08,0.899082,1.06,"78,530,263"
2-Nov-15,1.06,1.1,0.953647,0.989789,"73,654,327"
3-Nov-15,0.994568,1.07,0.936615,1.01,"75,434,114"
4-Nov-15,1.01,1.04,0.725665,0.89905,"66,947,930"
5-Nov-15,0.900699,0.991259,0.860382,0.895637,"66,716,645"
6-Nov-15,0.904772,0.989848,0.852929,0.926032,"69,004,595"
7-Nov-15,0.923732,0.943787,0.863539,0.927974,"69,172,171"
8-Nov-15,0.915661,1.03,0.915661,1.03,"76,614,488"
9-Nov-15,1.03,1.11,0.945263,0.999278,"74,537,426"
10-Nov-15,1,1.05,0.920968,0.934348,"69,717,801"
11-Nov-15,0.941296,0.945278,0.729775,0.791829,"59,103,443"
12-Nov-15,0.796455,0.913919,0.76351,0.895711,"66,880,152"
13-Nov-15,0.907722,0.917309,0.846023,0.904096,"67,529,354"
14-Nov-15,0.905469,0.906113,0.876908,0.888812,"66,410,518"
15-Nov-15,0.891217,0.921516,0.874957,0.906368,"67,745,801"
16-Nov-15,0.906166,0.944732,0.891971,0.928962,"69,458,011"
17-Nov-15,0.924948,1.03,0.905794,1.01,"75,392,162"
18-Nov-15,0.993214,1.01,0.940516,0.993319,"74,320,769"
19-Nov-15,0.988713,1.01,0.937498,0.955532,"71,517,342"
20-Nov-15,0.955735,0.955735,0.898576,0.92492,"69,247,998"
21-Nov-15,0.928758,0.978743,0.92094,0.97614,"73,107,357"
22-Nov-15,0.979765,0.984132,0.958982,0.968018,"72,523,507"
23-Nov-15,0.967493,0.969057,0.93387,0.946969,"70,970,606"
24-Nov-15,0.946442,0.948055,0.895931,0.900191,"67,487,356"
25-Nov-15,0.893827,0.899493,0.851106,0.863537,"64,760,707"
26-Nov-15,0.863273,0.903643,0.80436,0.884183,"66,330,892"
27-Nov-15,0.8821,0.900051,0.860695,0.867951,"65,135,635"
28-Nov-15,0.868102,0.929293,0.862122,0.915703,"68,742,122"
29-Nov-15,0.914144,0.914153,0.860533,0.878614,"65,980,042"
30-Nov-15,0.879951,0.895054,0.847696,0.873119,"65,589,555"
1-Dec-15,0.878316,0.886736,0.853937,0.8748,"65,738,067"
2-Dec-15,0.873171,0.878017,0.818924,0.82121,"61,730,775"
3-Dec-15,0.818546,0.837664,0.785086,0.812143,"61,070,307"
4-Dec-15,0.812082,0.859575,0.802373,0.840041,"63,189,182"
5-Dec-15,0.841195,0.872821,0.824444,0.862438,"64,895,497"
6-Dec-15,0.866417,0.882436,0.833115,0.8355,"62,889,050"
7-Dec-15,0.836322,0.850791,0.78765,0.811264,"61,084,951"
8-Dec-15,0.806024,0.823645,0.782328,0.822118,"61,922,409"
9-Dec-15,0.824454,0.824454,0.770488,0.792167,"59,687,098"
10-Dec-15,0.79559,0.86159,0.787291,0.840396,"63,342,630"
11-Dec-15,0.839995,0.929762,0.819789,0.929762,"70,101,842"
12-Dec-15,0.931196,1.05,0.928546,0.976973,"73,686,284"
13-Dec-15,0.971538,0.989394,0.937438,0.952884,"71,894,531"
14-Dec-15,0.95662,1.01,0.950178,0.993022,"74,947,760"
15-Dec-15,0.990589,1.03,0.98224,1.01,"76,568,082"
16-Dec-15,1.02,1.02,0.974927,0.991182,"74,858,729"
17-Dec-15,0.993043,0.997611,0.911807,0.940701,"71,069,938"
18-Dec-15,0.938327,0.939493,0.908081,0.920127,"69,538,663"
19-Dec-15,0.921524,0.925874,0.888916,0.908072,"68,650,439"
20-Dec-15,0.90824,0.943185,0.899441,0.903885,"68,356,313"
21-Dec-15,0.906065,0.91739,0.891182,0.900771,"68,143,246"
22-Dec-15,0.894973,0.909526,0.862059,0.864202,"65,398,932"
23-Dec-15,0.861782,0.88294,0.856065,0.858077,"64,957,356"
24-Dec-15,0.859433,0.882818,0.8476,0.863262,"65,371,538"
25-Dec-15,0.861993,0.882556,0.861993,0.870363,"65,931,377"
26-Dec-15,0.870766,0.897453,0.838314,0.854603,"64,758,910"
27-Dec-15,0.853166,0.861538,0.841151,0.856365,"64,913,919"
28-Dec-15,0.856356,0.872394,0.832932,0.845005,"64,074,279"
29-Dec-15,0.843835,0.873054,0.833232,0.873054,"66,222,901"
30-Dec-15,0.874258,0.941099,0.866647,0.911958,"69,196,765"
31-Dec-15,0.912098,0.975414,0.910277,0.933542,"70,858,023"
1-Jan-16,0.933712,0.954822,0.931442,0.948024,"71,980,386"
2-Jan-16,0.947401,0.969637,0.93656,0.937124,"71,176,658"
3-Jan-16,0.93843,0.991362,0.934313,0.971905,"73,843,292"
4-Jan-16,0.972045,0.976438,0.929835,0.95448,"72,543,707"
5-Jan-16,0.953147,0.970597,0.946543,0.950176,"72,240,974"
6-Jan-16,0.950028,0.960659,0.935708,0.95086,"72,317,149"
7-Jan-16,0.955801,0.974623,0.93583,0.942005,"71,667,152"
8-Jan-16,0.942752,0.991825,0.939715,0.986789,"75,099,809"
9-Jan-16,0.985501,0.992345,0.9736,0.986833,"75,128,312"
10-Jan-16,0.985557,1,0.975099,0.999231,"76,097,646"
11-Jan-16,0.999216,1.07,0.999216,1.06,"80,874,514"
12-Jan-16,1.07,1.28,1.05,1.14,"86,951,446"
13-Jan-16,1.14,1.15,1.08,1.13,"85,775,572"
14-Jan-16,1.12,1.19,1.1,1.19,"90,714,399"
15-Jan-16,1.18,1.32,1.14,1.21,"92,149,709"
16-Jan-16,1.22,1.31,1.17,1.22,"93,117,298"
17-Jan-16,1.22,1.33,1.21,1.33,"101,329,330"
18-Jan-16,1.33,1.54,1.32,1.43,"108,912,542"
19-Jan-16,1.42,1.46,1.31,1.37,"104,750,746"
20-Jan-16,1.36,1.62,1.35,1.53,"117,043,472"
21-Jan-16,1.53,1.59,1.49,1.55,"118,743,869"
22-Jan-16,1.55,1.58,1.47,1.5,"114,784,065"
23-Jan-16,1.5,2.03,1.5,1.97,"150,874,912"
24-Jan-16,1.9,2.3,1.9,2.14,"163,819,884"
25-Jan-16,2.15,2.66,2.06,2.5,"191,276,220"
26-Jan-16,2.53,2.84,1.99,2.28,"174,275,656"
27-Jan-16,2.25,2.59,2.19,2.39,"182,923,580"
28-Jan-16,2.41,2.68,2.34,2.53,"193,551,356"
29-Jan-16,2.54,2.61,2.3,2.49,"191,198,055"
30-Jan-16,2.51,2.61,2.4,2.45,"187,435,391"
31-Jan-16,2.44,2.53,2.19,2.31,"176,834,424"
1-Feb-16,2.32,2.32,2.12,2.21,"169,654,871"
2-Feb-16,2.22,2.45,2.16,2.44,"187,200,922"
3-Feb-16,2.43,2.54,2.34,2.53,"194,099,730"
4-Feb-16,2.53,2.63,2.44,2.58,"197,953,037"
5-Feb-16,2.57,2.61,2.47,2.54,"195,018,592"
6-Feb-16,2.53,2.56,2.47,2.53,"194,733,892"
7-Feb-16,2.54,3.06,2.54,2.96,"227,838,892"
8-Feb-16,2.97,3.27,2.88,3.18,"244,479,014"
9-Feb-16,3.17,4.04,3.17,4.04,"311,075,408"
10-Feb-16,4,4.86,3.78,4.44,"341,305,129"
11-Feb-16,4.5,6.29,4.34,6.01,"462,770,855"
12-Feb-16,5.95,6.58,5.07,5.55,"427,037,697"
13-Feb-16,5.69,5.72,4.19,5.39,"414,729,231"
14-Feb-16,5.4,5.47,4.45,5.24,"403,647,764"
15-Feb-16,5.33,5.89,5.02,5.29,"407,524,960"
16-Feb-16,5.33,5.47,4.03,4.32,"332,648,533"
17-Feb-16,4.29,4.77,3.5,3.76,"289,721,943"
18-Feb-16,3.77,4.77,3.42,4.4,"339,328,346"
19-Feb-16,4.38,4.79,4.27,4.74,"365,577,845"
20-Feb-16,4.68,4.75,4.13,4.34,"335,088,727"
21-Feb-16,4.36,4.71,4.23,4.65,"359,310,563"
22-Feb-16,4.66,5.65,4.64,5.62,"433,798,974"
23-Feb-16,5.68,5.95,5.39,5.59,"431,598,157"
24-Feb-16,5.6,6.24,5.51,6.24,"481,995,066"
25-Feb-16,6.19,6.65,5.55,6.1,"471,975,064"
26-Feb-16,6.04,6.27,5.74,5.92,"457,966,535"
27-Feb-16,5.96,6.53,5.92,6.43,"497,119,698"
28-Feb-16,6.41,6.62,6.24,6.47,"500,569,665"
29-Feb-16,6.46,6.61,6.05,6.34,"490,556,570"
1-Mar-16,6.32,7.91,6.31,7.65,"592,677,993"
2-Mar-16,7.63,8.75,7.37,8.47,"655,748,796"
3-Mar-16,8.44,10.1,8.33,9.29,"720,179,291"
4-Mar-16,9.24,10.41,8.48,10.41,"806,593,727"
5-Mar-16,10.37,12.27,9.97,11,"853,205,226"
6-Mar-16,11.2,11.84,9.99,11.38,"882,886,756"
7-Mar-16,11.43,11.65,9.31,9.55,"741,166,643"
8-Mar-16,9.58,10.17,8.82,9.85,"764,269,545"
9-Mar-16,9.79,12.05,9.67,11.9,"923,733,301"
10-Mar-16,11.88,12.24,10.99,11.31,"877,988,473"
11-Mar-16,11.22,11.6,10.39,11.08,"861,012,043"
12-Mar-16,11.13,13.53,11.09,13.53,"1,051,728,778"
13-Mar-16,13.51,15.26,13.47,14.48,"1,125,287,882"
14-Mar-16,14.51,15.01,11.58,12.45,"968,384,041"
15-Mar-16,13,13.2,12.05,13.01,"1,012,119,266"
16-Mar-16,13.02,13.73,12.5,12.52,"974,447,125"
17-Mar-16,12.56,12.64,10.44,11.08,"865,792,703"
18-Mar-16,11.11,11.18,8.52,11,"859,618,881"
19-Mar-16,11.2,11.2,9.78,10.53,"823,422,650"
20-Mar-16,10.52,10.9,9.57,10.32,"807,256,577"
21-Mar-16,10.3,12.01,10.16,11.86,"928,428,770"
22-Mar-16,11.88,12.03,11.18,11.27,"883,434,497"
23-Mar-16,11.33,12.43,11.24,12.42,"973,296,475"
24-Mar-16,12.44,12.5,10.8,11.23,"881,027,910"
25-Mar-16,11.26,11.37,10.53,10.74,"842,804,289"
26-Mar-16,10.77,11.18,10.59,10.97,"861,261,383"
27-Mar-16,10.99,11.05,10.11,10.42,"818,048,967"
28-Mar-16,10.43,11.86,10.41,11.67,"916,272,916"
29-Mar-16,11.75,11.91,11.35,11.66,"915,917,612"
30-Mar-16,11.61,12.18,11.47,11.95,"939,593,767"
31-Mar-16,11.92,12.01,11.32,11.4,"896,764,774"
1-Apr-16,11.4,11.85,11.4,11.66,"917,590,806"
2-Apr-16,11.63,11.69,11.4,11.6,"912,861,404"
3-Apr-16,11.63,11.71,11.51,11.62,"914,757,199"
4-Apr-16,11.62,11.62,11.02,11.16,"878,817,015"
5-Apr-16,11.21,11.21,10.13,10.44,"822,498,173"
6-Apr-16,10.45,10.97,10.28,10.69,"842,318,789"
7-Apr-16,10.7,10.81,9.95,10.07,"794,097,554"
8-Apr-16,10.08,10.39,9.66,9.72,"766,797,893"
9-Apr-16,9.69,10.09,9.07,9.15,"722,193,576"
10-Apr-16,9.15,9.22,7.46,8.94,"705,565,730"
11-Apr-16,8.94,8.95,8,8.64,"682,735,835"
12-Apr-16,8.64,8.64,7.15,7.44,"588,069,234"
13-Apr-16,7.44,8.72,7.07,8.04,"635,899,507"
14-Apr-16,8.08,8.76,8.02,8.39,"663,262,434"
15-Apr-16,8.39,8.62,8.1,8.24,"652,099,781"
16-Apr-16,8.24,8.65,8.11,8.61,"681,383,666"
17-Apr-16,8.62,9.7,8.56,9.31,"737,045,140"
18-Apr-16,9.33,9.51,8.5,9.04,"715,710,193"
19-Apr-16,9.08,9.31,8.6,8.71,"690,548,723"
20-Apr-16,8.69,8.83,8.31,8.47,"671,081,004"
21-Apr-16,8.45,8.72,7.96,8.1,"642,511,137"
22-Apr-16,8.15,8.27,7.67,7.82,"620,481,616"
23-Apr-16,7.79,8.55,7.74,8.29,"658,310,822"
24-Apr-16,8.29,8.47,7.96,8,"635,274,078"
25-Apr-16,8.01,8.09,7.24,7.55,"600,026,226"
26-Apr-16,7.53,7.55,7.06,7.4,"587,763,650"
27-Apr-16,7.39,7.97,7.32,7.76,"616,849,026"
28-Apr-16,7.74,7.91,7.17,7.17,"570,380,061"
29-Apr-16,7.21,7.73,7.17,7.46,"593,261,114"
30-Apr-16,7.45,9.37,7.45,8.81,"701,473,017"
1-May-16,8.78,9.01,8.43,8.85,"704,335,725"
2-May-16,8.89,10.32,8.85,10.16,"809,492,236"
3-May-16,10.17,10.17,9.28,9.31,"741,932,869"
4-May-16,9.38,10.03,9.27,9.41,"750,396,087"
5-May-16,9.4,10.05,9.29,9.83,"783,576,042"
6-May-16,9.81,9.95,9.04,9.35,"745,638,476"
7-May-16,9.32,9.48,9.21,9.37,"747,838,842"
8-May-16,9.37,9.6,8.93,9.48,"757,112,769"
9-May-16,9.49,9.64,9.2,9.3,"742,621,899"
10-May-16,9.28,9.48,9.26,9.36,"748,013,846"
11-May-16,9.43,10.01,9.39,10,"799,045,673"
12-May-16,10,10.51,9.86,10.06,"804,287,196"
13-May-16,10.06,11.05,10.02,10.51,"840,514,936"
14-May-16,10.51,10.61,9.81,10.24,"819,487,228"
15-May-16,10.24,10.44,9.93,9.96,"797,607,883"
16-May-16,9.97,11.44,9.97,11.17,"894,750,992"
17-May-16,11.19,12.49,11.15,12.2,"977,439,936"
18-May-16,12.18,14.26,12.18,13.56,"1,086,834,954"
19-May-16,13.54,14.87,13.34,14.77,"1,184,385,765"
20-May-16,14.85,15.05,13.38,13.64,"1,093,879,433"
21-May-16,13.69,14.05,13.12,14.02,"1,124,761,560"
22-May-16,14.04,14.35,13.77,14.29,"1,146,979,484"
23-May-16,14.28,14.49,13.19,13.46,"1,081,207,347"
24-May-16,13.31,13.77,12.01,12.73,"1,023,046,506"
25-May-16,12.79,12.9,11.77,12.53,"1,006,875,564"
26-May-16,12.52,12.99,12.06,12.43,"999,589,702"
27-May-16,12.39,12.39,10.5,11.3,"908,715,671"
28-May-16,11.33,12.36,10.37,11.89,"957,134,590"
29-May-16,12.11,12.69,11.78,12.35,"994,349,367"
30-May-16,12.33,12.88,12.27,12.73,"1,024,940,354"
31-May-16,12.74,14.27,12.64,14.08,"1,134,278,934"
1-Jun-16,14.11,14.32,13.44,14,"1,128,621,280"
2-Jun-16,13.99,14.05,13.63,13.74,"1,107,823,663"
3-Jun-16,13.74,13.87,13.25,13.85,"1,117,035,879"
4-Jun-16,13.86,13.95,13.42,13.74,"1,108,902,326"
5-Jun-16,13.76,14.07,13.57,13.98,"1,128,276,672"
6-Jun-16,14,14.06,13.73,13.93,"1,125,426,017"
7-Jun-16,13.95,14.51,13.81,14.51,"1,172,565,099"
8-Jun-16,14.51,14.78,14.28,14.42,"1,165,411,416"
9-Jun-16,14.43,14.57,14.34,14.4,"1,164,331,165"
10-Jun-16,14.38,14.43,13.82,13.91,"1,125,141,726"
11-Jun-16,13.91,14.19,13.72,14.19,"1,148,494,818"
12-Jun-16,14.19,15.9,14.19,15.74,"1,274,609,697"
13-Jun-16,15.77,17.64,15.72,17.6,"1,425,681,023"
14-Jun-16,17.61,19.27,17.3,18.89,"1,530,808,958"
15-Jun-16,18.91,18.91,17.71,18.35,"1,487,730,475"
16-Jun-16,18.36,20.83,18.36,20.59,"1,669,490,450"
17-Jun-16,20.65,21.52,13.57,15.38,"1,247,381,862"
18-Jun-16,15.38,15.38,9.96,11.33,"919,553,125"
19-Jun-16,11.17,13.18,10.64,12.23,"993,283,674"
20-Jun-16,12.24,12.45,10.52,11.84,"961,613,934"
21-Jun-16,11.82,13.42,11.29,13.31,"1,081,206,507"
22-Jun-16,13.2,15.79,13.1,13.1,"1,064,441,461"
23-Jun-16,13.22,13.79,12.56,13.68,"1,112,111,665"
24-Jun-16,13.68,14.57,13.22,14.33,"1,165,908,840"
25-Jun-16,14.3,14.58,14.02,14.28,"1,162,367,709"
26-Jun-16,14.26,14.37,13.66,13.85,"1,127,593,040"
27-Jun-16,13.81,14.12,13.75,13.88,"1,130,782,777"
28-Jun-16,13.93,13.98,11.72,12.18,"992,040,075"
29-Jun-16,12.17,13.04,11.69,12.61,"1,027,934,140"
30-Jun-16,12.6,12.74,12.25,12.46,"1,016,130,567"
1-Jul-16,12.44,12.49,11.73,12.2,"995,164,390"
2-Jul-16,12.22,12.22,11.95,12.13,"989,751,702"
3-Jul-16,12.12,12.15,11.59,11.72,"956,815,986"
4-Jul-16,11.7,11.88,11.39,11.47,"936,840,410"
5-Jul-16,11.46,11.52,9.58,10.61,"866,971,680"
6-Jul-16,10.58,11.11,10.28,10.53,"860,571,470"
7-Jul-16,10.54,10.57,9.8,10.11,"826,607,193"
8-Jul-16,10.12,11.52,9.96,11.39,"932,056,896"
9-Jul-16,11.42,11.46,10.73,10.97,"897,316,512"
10-Jul-16,10.96,11.01,10.78,10.95,"896,201,853"
11-Jul-16,10.94,11.01,10.26,10.46,"856,538,034"
12-Jul-16,10.45,10.76,10.43,10.52,"861,548,337"
13-Jul-16,10.51,10.59,10.4,10.5,"860,607,720"
14-Jul-16,10.6,11.68,10.6,11.51,"943,973,547"
15-Jul-16,11.5,12.43,11.49,11.95,"980,299,532"
16-Jul-16,11.92,11.94,11.59,11.65,"956,165,958"
17-Jul-16,11.62,11.67,11.01,11.16,"915,977,475"
18-Jul-16,11.17,11.61,10.95,11.03,"906,133,047"
19-Jul-16,11.05,12.01,11.01,11.62,"954,516,828"
20-Jul-16,11.59,12.99,11.57,12.45,"1,023,222,624"
21-Jul-16,12.46,12.71,11.99,12.65,"1,040,082,090"
22-Jul-16,12.66,14.81,12.54,14.66,"1,205,898,353"
23-Jul-16,14.67,14.9,14.05,14.3,"1,176,571,490"
24-Jul-16,14.3,14.44,12.32,12.75,"1,049,423,539"
25-Jul-16,12.74,13.86,12.68,13.84,"1,139,304,848"
26-Jul-16,13.82,13.85,11.73,11.99,"987,619,812"
27-Jul-16,12.05,13.31,11.84,12.97,"1,069,044,527"
28-Jul-16,12.98,12.99,12.49,12.84,"1,058,813,509"
29-Jul-16,12.84,12.87,12.55,12.79,"1,055,182,413"
30-Jul-16,12.8,12.8,12.46,12.46,"1,028,064,459"
31-Jul-16,12.44,12.51,11.55,11.88,"980,174,931"
1-Aug-16,11.89,12.01,10.94,10.94,"903,408,507"
2-Aug-16,10.95,11.14,8.2,8.79,"725,809,584"
3-Aug-16,8.88,10.42,8.88,10.29,"850,578,647"
4-Aug-16,10.31,11.29,10.16,11.04,"912,823,135"
5-Aug-16,11.02,11.18,10.76,10.93,"903,471,435"
6-Aug-16,10.92,10.94,10.29,10.88,"900,151,688"
7-Aug-16,10.86,11.09,10.78,10.91,"903,026,897"
8-Aug-16,10.91,11.33,10.86,11.25,"931,013,385"
9-Aug-16,11.27,12.45,11.2,12.24,"1,014,113,084"
10-Aug-16,12.23,12.46,11.98,12.14,"1,006,130,318"
11-Aug-16,12.14,12.27,11.63,11.69,"969,030,731"
12-Aug-16,11.69,12.04,11.64,11.78,"976,670,290"
13-Aug-16,11.77,11.79,11.51,11.57,"959,859,186"
14-Aug-16,11.58,11.69,11.1,11.19,"928,985,642"
15-Aug-16,11.2,11.31,11,11.22,"931,306,989"
16-Aug-16,11.23,11.24,11,11.14,"925,130,735"
17-Aug-16,11.13,11.15,10.75,10.75,"893,343,056"
18-Aug-16,10.75,11.01,10.74,10.76,"893,970,119"
19-Aug-16,10.75,10.8,10.73,10.75,"893,697,474"
20-Aug-16,10.75,11.3,10.75,11.25,"935,523,908"
21-Aug-16,11.25,11.25,10.99,11.18,"930,217,061"
22-Aug-16,11.19,11.34,11.07,11.12,"925,725,247"
23-Aug-16,11.14,11.23,10.9,11.03,"918,563,334"
24-Aug-16,11.02,11.15,11.01,11.04,"919,368,975"
25-Aug-16,11.03,11.39,11.02,11.36,"946,508,890"
26-Aug-16,11.35,11.45,11.21,11.3,"941,701,926"
27-Aug-16,11.29,11.29,11.14,11.15,"929,789,646"
28-Aug-16,11.15,11.15,10.92,10.93,"911,883,241"
29-Aug-16,10.92,11.15,10.79,10.98,"916,781,161"
30-Aug-16,10.99,11.3,10.96,11.23,"937,596,563"
31-Aug-16,11.24,11.68,11.18,11.67,"975,003,119"
1-Sep-16,11.67,12.58,11.65,11.99,"1,002,322,694"
2-Sep-16,11.96,12.31,11.88,12.11,"1,012,583,470"
3-Sep-16,12.11,12.36,11.35,11.76,"983,336,326"
4-Sep-16,11.75,11.79,11.47,11.68,"977,118,527"
5-Sep-16,11.68,11.81,11.59,11.72,"980,599,518"
6-Sep-16,11.73,11.73,11.47,11.69,"978,635,238"
7-Sep-16,11.69,11.73,11.52,11.55,"967,186,182"
8-Sep-16,11.55,11.7,11.25,11.35,"950,629,714"
9-Sep-16,11.41,11.68,11.39,11.65,"976,718,524"
10-Sep-16,11.66,12.22,11.54,12.17,"1,020,331,771"
11-Sep-16,12.21,12.21,11.59,11.64,"976,259,356"
12-Sep-16,11.64,11.95,11.61,11.89,"998,057,810"
13-Sep-16,11.89,12.09,11.88,11.92,"1,000,535,934"
14-Sep-16,11.9,12,11.86,11.92,"1,001,301,306"
15-Sep-16,11.94,12.14,11.92,11.94,"1,002,844,845"
16-Sep-16,11.96,12.75,11.9,12.56,"1,055,235,487"
17-Sep-16,12.56,12.76,12.44,12.7,"1,067,645,133"
18-Sep-16,12.69,12.99,12.16,12.43,"1,045,462,817"
19-Sep-16,12.44,13.19,12.42,13.19,"1,109,717,807"
20-Sep-16,13.21,14.43,13.12,14.43,"1,214,629,780"
21-Sep-16,14.43,14.43,13.17,13.77,"1,159,365,902"
22-Sep-16,13.66,13.66,12.48,13.25,"1,115,922,936"
23-Sep-16,13.21,13.45,13.1,13.33,"1,123,430,818"
24-Sep-16,13.32,13.34,12.68,12.88,"1,085,651,021"
25-Sep-16,12.85,13.11,12.8,13.1,"1,104,901,553"
26-Sep-16,13.17,13.17,12.74,12.82,"1,081,884,909"
27-Sep-16,12.86,13.21,12.86,13.1,"1,105,565,483"
28-Sep-16,13.11,13.48,13.08,13.27,"1,120,893,441"
29-Sep-16,13.28,13.34,13.07,13.07,"1,104,310,043"
30-Sep-16,13.08,13.34,13.02,13.22,"1,117,517,388"
1-Oct-16,13.2,13.31,13.05,13.17,"1,113,568,557"
2-Oct-16,13.18,13.3,13.14,13.2,"1,116,323,115"
3-Oct-16,13.2,13.49,13.19,13.45,"1,138,142,255"
4-Oct-16,13.45,13.53,13.21,13.28,"1,123,727,868"
5-Oct-16,13.28,13.35,13.04,13.04,"1,103,736,600"
6-Oct-16,13.03,13.14,12.69,12.85,"1,088,798,918"
7-Oct-16,12.85,12.99,12.53,12.67,"1,073,405,275"
8-Oct-16,12.67,12.69,12.05,12.22,"1,035,883,228"
9-Oct-16,12.22,12.36,11.98,12.05,"1,022,264,082"
10-Oct-16,12.06,12.06,11.62,11.76,"997,363,895"
11-Oct-16,11.76,12.16,11.75,11.79,"1,000,308,761"
12-Oct-16,11.78,12.07,11.71,11.93,"1,013,248,317"
13-Oct-16,11.91,12.13,11.78,11.96,"1,016,169,767"
14-Oct-16,11.99,12.07,11.9,11.94,"1,014,456,176"
15-Oct-16,11.94,12,11.78,11.98,"1,018,682,988"
16-Oct-16,11.98,12.01,11.93,11.95,"1,016,373,308"
17-Oct-16,11.96,12.03,11.86,12.01,"1,021,302,744"
18-Oct-16,12,12.93,12,12.59,"1,071,362,741"
19-Oct-16,12.59,12.62,11.91,12.02,"1,023,599,502"
20-Oct-16,12.05,12.29,12,12.1,"1,030,522,234"
21-Oct-16,12.13,12.21,12.02,12.18,"1,037,420,190"
22-Oct-16,12.18,12.19,11.95,12.07,"1,028,949,804"
23-Oct-16,12.13,12.14,11.94,12.04,"1,026,301,229"
24-Oct-16,12.04,12.1,11.91,11.97,"1,020,971,991"
25-Oct-16,11.97,11.99,11.15,11.41,"973,991,742"
26-Oct-16,11.38,11.66,11.38,11.53,"984,429,110"
27-Oct-16,11.53,11.61,11.26,11.5,"982,033,774"
28-Oct-16,11.47,11.58,10.95,11.09,"946,972,469"
29-Oct-16,11.1,11.2,9.56,10.44,"892,565,736"
30-Oct-16,10.43,11.45,10.29,11.18,"956,007,454"
31-Oct-16,11.23,11.5,10.94,11,"940,578,264"
1-Nov-16,10.96,11.18,10.3,10.77,"921,057,444"
2-Nov-16,10.77,11.16,10.69,10.75,"920,236,997"
3-Nov-16,10.8,11.11,10.76,10.8,"924,716,659"
4-Nov-16,10.82,11.12,10.82,11.09,"949,862,035"
5-Nov-16,11.09,11.24,10.88,11,"942,653,972"
6-Nov-16,10.99,11.25,10.85,10.87,"931,947,467"
7-Nov-16,10.9,10.96,10.78,10.81,"926,761,430"
8-Nov-16,10.85,10.92,10.74,10.83,"929,246,807"
9-Nov-16,10.82,10.83,10.22,10.66,"914,292,103"
10-Nov-16,10.67,10.68,10.51,10.52,"903,380,024"
11-Nov-16,10.51,10.57,10.26,10.29,"883,565,427"
12-Nov-16,10.29,10.34,9.7,9.88,"848,509,382"
13-Nov-16,9.89,10.41,9.84,10.1,"868,038,290"
14-Nov-16,10.1,10.16,9.96,9.97,"856,753,361"
15-Nov-16,9.97,10.32,9.85,10.22,"878,653,067"
16-Nov-16,10.22,10.33,9.93,10.06,"865,349,966"
17-Nov-16,10.06,10.19,9.92,9.99,"859,814,328"
18-Nov-16,9.99,10.01,9.48,9.48,"815,806,832"
19-Nov-16,9.48,9.75,9.48,9.66,"832,183,861"
20-Nov-16,9.66,9.71,9.52,9.58,"825,305,262"
21-Nov-16,9.58,9.64,9.54,9.62,"829,190,391"
22-Nov-16,9.63,10.24,9.59,9.91,"854,053,528"
23-Nov-16,9.92,9.96,9.76,9.84,"849,020,680"
24-Nov-16,9.85,9.85,8.93,9.23,"796,538,442"
25-Nov-16,9.23,9.75,9.21,9.4,"811,553,949"
26-Nov-16,9.42,9.5,9.31,9.33,"805,474,198"
27-Nov-16,9.31,9.33,8.78,9,"777,313,922"
28-Nov-16,9,9.01,8.72,8.72,"753,971,438"
29-Nov-16,8.73,8.74,7.88,8.17,"706,651,179"
30-Nov-16,8.16,8.75,8.16,8.59,"742,664,775"
1-Dec-16,8.6,8.65,8.36,8.45,"731,254,342"
2-Dec-16,8.46,8.46,7.42,7.76,"671,587,252"
3-Dec-16,7.77,8.15,7.67,7.92,"685,808,136"
4-Dec-16,7.9,7.95,7.44,7.44,"644,685,715"
5-Dec-16,7.41,7.64,6.66,6.82,"591,026,579"
6-Dec-16,6.8,7.92,5.98,7.87,"682,013,454"
7-Dec-16,7.89,8.54,7.33,8.38,"726,702,380"
8-Dec-16,8.38,8.86,8.23,8.23,"713,877,391"
9-Dec-16,8.17,8.67,8.05,8.45,"732,836,297"
10-Dec-16,8.44,8.53,8.02,8.13,"705,254,561"
11-Dec-16,8.13,8.27,8.1,8.19,"711,457,159"
12-Dec-16,8.19,8.61,8.17,8.52,"740,255,866"
13-Dec-16,8.52,8.53,8.35,8.42,"731,892,846"
14-Dec-16,8.45,8.52,8.25,8.27,"718,460,239"
15-Dec-16,8.24,8.24,7.72,7.83,"680,740,349"
16-Dec-16,7.86,7.93,7.8,7.86,"683,575,806"
17-Dec-16,7.86,7.9,7.52,7.88,"685,426,528"
18-Dec-16,7.86,7.93,7.72,7.87,"684,696,555"
19-Dec-16,7.87,7.87,7.63,7.64,"665,654,987"
20-Dec-16,7.63,7.75,7.57,7.66,"667,309,961"
21-Dec-16,7.66,7.94,7.66,7.91,"689,718,972"
22-Dec-16,7.9,7.91,7.5,7.59,"661,247,899"
23-Dec-16,7.58,7.69,7.16,7.17,"624,956,487"
24-Dec-16,7.15,7.41,7.15,7.27,"633,871,896"
25-Dec-16,7.26,7.34,7.14,7.18,"626,189,631"
26-Dec-16,7.13,7.33,7.05,7.27,"635,060,699"
27-Dec-16,7.28,7.32,7.09,7.17,"626,268,701"
28-Dec-16,7.15,7.62,7.08,7.52,"657,011,884"
29-Dec-16,7.54,8.53,7.54,8.28,"724,028,107"
30-Dec-16,8.29,8.47,8.05,8.16,"713,433,620"
31-Dec-16,8.15,8.16,7.91,7.97,"696,993,600"
1-Jan-17,7.98,8.47,7.98,8.17,"715,049,208"
2-Jan-17,8.17,8.44,8.05,8.38,"733,331,654"
3-Jan-17,8.37,10,8.32,9.73,"851,512,055"
4-Jan-17,9.71,11.28,9.56,11.25,"985,515,893"
5-Jan-17,11.29,11.89,9.4,10.25,"898,497,892"
6-Jan-17,10.29,10.63,9.63,10.25,"898,845,928"
7-Jan-17,10.24,10.28,9.59,9.87,"865,194,523"
8-Jan-17,9.87,10.39,9.83,10.29,"902,576,769"
9-Jan-17,10.31,10.78,10.14,10.33,"906,044,584"
10-Jan-17,10.37,10.69,10.29,10.55,"926,031,183"
11-Jan-17,10.54,10.66,9.46,9.72,"853,319,722"
12-Jan-17,9.72,10.08,9.18,9.86,"866,237,622"
13-Jan-17,9.83,9.85,9.51,9.77,"858,481,082"
14-Jan-17,9.79,9.89,9.44,9.65,"847,990,590"
15-Jan-17,9.83,10,9.6,9.9,"870,948,977"
16-Jan-17,9.88,9.93,9.58,9.64,"847,706,513"
17-Jan-17,9.64,10.61,9.54,10.3,"906,597,925"
18-Jan-17,10.3,10.52,9.94,10.23,"900,365,728"
19-Jan-17,10.24,10.44,10.18,10.4,"915,611,849"
20-Jan-17,10.39,10.76,10.35,10.6,"933,854,252"
21-Jan-17,10.6,10.98,10.58,10.91,"961,383,820"
22-Jan-17,10.91,10.97,10.58,10.7,"943,567,856"
23-Jan-17,10.71,10.84,10.67,10.82,"954,275,900"
24-Jan-17,10.73,10.77,10.57,10.63,"938,004,330"
25-Jan-17,10.62,10.62,10.48,10.57,"932,866,678"
26-Jan-17,10.57,10.67,10.51,10.59,"934,844,928"
27-Jan-17,10.58,10.61,10.44,10.54,"930,599,699"
28-Jan-17,10.54,10.58,10.43,10.56,"933,378,690"
29-Jan-17,10.56,10.57,10.45,10.48,"926,548,657"
30-Jan-17,10.49,10.71,10.47,10.57,"934,593,362"
31-Jan-17,10.56,10.75,10.55,10.73,"948,748,952"
1-Feb-17,10.74,10.85,10.56,10.73,"949,491,718"
2-Feb-17,10.74,10.89,10.55,10.82,"957,731,836"
3-Feb-17,10.81,11.11,10.76,11.11,"984,019,776"
4-Feb-17,11.13,11.5,11.13,11.43,"1,012,625,893"
5-Feb-17,11.44,11.49,11.32,11.35,"1,005,855,021"
6-Feb-17,11.35,11.48,11.34,11.39,"1,009,440,330"
7-Feb-17,11.43,11.61,11.41,11.52,"1,020,961,130"
8-Feb-17,11.54,11.63,11.24,11.43,"1,013,867,331"
9-Feb-17,11.44,11.6,10.67,11.03,"978,825,690"
10-Feb-17,11.05,11.34,10.78,11.28,"1,001,069,228"
11-Feb-17,11.29,11.43,11.24,11.35,"1,007,694,076"
12-Feb-17,11.35,11.4,11.3,11.4,"1,012,466,457"
13-Feb-17,11.38,11.39,11.17,11.27,"1,001,304,093"
14-Feb-17,11.29,13.33,11.29,13.03,"1,157,709,435"
15-Feb-17,13.04,13.04,12.64,12.92,"1,148,742,628"
16-Feb-17,12.92,12.92,12.54,12.9,"1,147,726,668"
17-Feb-17,12.9,12.91,12.66,12.68,"1,127,915,204"
18-Feb-17,12.71,12.83,12.68,12.81,"1,140,211,197"
19-Feb-17,12.82,12.87,12.71,12.76,"1,136,008,890"
20-Feb-17,12.77,12.9,12.43,12.43,"1,107,158,285"
21-Feb-17,12.34,12.77,12.21,12.67,"1,128,781,640"
22-Feb-17,12.69,12.76,12.55,12.6,"1,123,050,433"
23-Feb-17,12.6,13.21,12.56,13.12,"1,169,783,161"
24-Feb-17,13.13,13.23,12.88,13.07,"1,165,715,765"
25-Feb-17,13.06,13.72,12.98,13.55,"1,208,911,983"
26-Feb-17,13.52,14.54,13.4,14.52,"1,296,040,794"
27-Feb-17,14.51,15.68,14.27,15.4,"1,374,757,041"
28-Feb-17,15.45,16.06,15.12,15.82,"1,412,825,288"
1-Mar-17,15.85,17.37,15.56,17.35,"1,550,251,865"
2-Mar-17,17.36,19.35,16.95,19.03,"1,701,011,948"
3-Mar-17,19.04,20.67,18.41,19.46,"1,739,949,803"
4-Mar-17,19.52,20.06,18.62,18.62,"1,665,411,583"
5-Mar-17,18.5,19.42,18.23,19.3,"1,727,148,626"
6-Mar-17,19.28,20.1,19.11,19.61,"1,754,907,794"
7-Mar-17,19.58,19.63,18.64,18.89,"1,691,307,055"
8-Mar-17,18.88,18.88,16.65,16.65,"1,491,498,830"
9-Mar-17,16.64,17.87,16.37,17.75,"1,590,879,625"
10-Mar-17,17.74,19.66,17.68,19.33,"1,732,837,145"
11-Mar-17,19.37,21.59,19.01,21.47,"1,925,342,939"
12-Mar-17,21.46,23.44,21.38,23.44,"2,102,276,260"
13-Mar-17,23.5,30.6,23.5,28.59,"2,565,583,285"
14-Mar-17,28.57,29.93,27.32,28.65,"2,572,014,998"
15-Mar-17,28.65,35.06,28.43,35.06,"3,147,689,118"
16-Mar-17,35.36,47.17,35.36,46.35,"4,162,873,752"
17-Mar-17,45.93,55.11,38.21,46.83,"4,207,676,009"
18-Mar-17,46.87,46.87,31.7,34.16,"3,070,500,515"
19-Mar-17,35.53,47,35.34,44.74,"4,022,867,100"
20-Mar-17,44.83,46.23,42.44,43.39,"3,902,862,599"
21-Mar-17,43.51,44.26,42.37,43.15,"3,882,154,700"
22-Mar-17,43.12,43.52,39.69,42.34,"3,811,229,796"
23-Mar-17,42.57,44.75,41.3,43.68,"3,932,863,932"
24-Mar-17,43.64,54.14,43.21,53.11,"4,783,511,280"
25-Mar-17,53.58,53.58,48.31,51.25,"4,617,794,703"
26-Mar-17,50.77,51.8,49.28,50.52,"4,553,738,462"
27-Mar-17,51.31,52.46,48.93,49.67,"4,478,238,274"
28-Mar-17,49.71,50.96,49.15,50.77,"4,579,693,493"
29-Mar-17,50.57,53.87,50.55,53.13,"4,793,424,049"
30-Mar-17,53.12,53.31,51.87,52.21,"4,711,996,588"
31-Mar-17,51.75,51.77,47.38,50.04,"4,517,835,716"
1-Apr-17,50.03,51.93,48.88,50.7,"4,579,187,936"
2-Apr-17,50.74,51.27,45.43,48.75,"4,404,475,423"
3-Apr-17,48.82,48.82,43.41,44.36,"4,009,009,196"
4-Apr-17,43.92,45.74,41.72,44.64,"4,036,201,194"
5-Apr-17,44.66,47.84,44.54,45.3,"4,097,477,788"
6-Apr-17,45.22,45.64,40.9,43.24,"3,912,317,959"
7-Apr-17,42.87,44.04,41.65,42.16,"3,815,963,046"
8-Apr-17,41.8,45.21,41.73,44.31,"4,011,422,381"
9-Apr-17,44.28,44.49,42.89,43.27,"3,918,563,431"
10-Apr-17,43.28,44.14,42.42,43.44,"3,935,103,268"
11-Apr-17,43.5,44.25,43.3,43.41,"3,933,886,291"
12-Apr-17,43.46,47.23,43.11,46.29,"4,196,302,994"
13-Apr-17,46.31,50.91,46.31,50.22,"4,554,299,452"
14-Apr-17,49.97,50.05,46.76,47.57,"4,315,878,957"
15-Apr-17,47.65,49.57,47.18,49.1,"4,455,916,490"
16-Apr-17,49.04,49.14,48.19,48.72,"4,422,644,315"
17-Apr-17,48.66,48.75,48.05,48.3,"4,386,552,041"
18-Apr-17,48.32,51.03,48.3,50.71,"4,606,307,174"
19-Apr-17,50.73,50.95,47.26,48.31,"4,389,519,738"
20-Apr-17,48.13,49.99,48.13,49.67,"4,515,241,563"
21-Apr-17,49.64,49.66,48.14,48.22,"4,385,105,012"
22-Apr-17,48.18,48.74,48.17,48.55,"4,416,442,028"
23-Apr-17,48.59,48.89,48.17,48.49,"4,412,126,295"
24-Apr-17,48.87,50.18,48.87,50.03,"4,553,943,109"
25-Apr-17,50.07,50.3,49.81,49.89,"4,542,708,761"
26-Apr-17,49.91,53.44,49.91,52.72,"4,801,851,008"
27-Apr-17,52.81,62.17,52.29,62.17,"5,664,157,655"
28-Apr-17,62.23,70.85,62.13,70.16,"6,394,355,247"
29-Apr-17,71.39,71.9,66.78,68.38,"6,233,911,088"
30-Apr-17,68.54,79.02,68.35,79.02,"7,206,669,917"
1-May-17,79.32,82.52,73.09,76.3,"6,960,466,482"
2-May-17,76.65,79.35,74.38,77.26,"7,050,941,746"
3-May-17,77.25,80.1,75.76,79.72,"7,277,279,246"
4-May-17,79.72,97.56,79.43,96.98,"8,856,050,446"
5-May-17,96.73,103.23,92.22,94.4,"8,622,992,171"
6-May-17,94.91,97.88,90.95,97.81,"8,937,843,151"
7-May-17,97.87,98.24,89.87,94.01,"8,592,854,298"
8-May-17,93.75,95.14,89.51,91.42,"8,359,085,414"
9-May-17,91.23,93.06,80.39,91.16,"8,338,258,352"
10-May-17,91.15,92.85,85.29,89.52,"8,191,083,680"
11-May-17,89.77,102.55,88.48,89.88,"8,226,220,249"
12-May-17,89.43,93.12,88.66,88.66,"8,116,816,184"
13-May-17,88.69,93.81,86.66,90.84,"8,319,066,651"
14-May-17,90.87,91.25,89.61,90.79,"8,317,148,601"
15-May-17,90.78,95.43,86.83,92.41,"8,468,960,166"
16-May-17,92.39,93.56,89.12,89.44,"8,198,722,531"
17-May-17,89.25,91.27,84.43,89.86,"8,239,948,169"
18-May-17,89.84,97.37,89.84,96.91,"8,888,797,357"
19-May-17,97.05,133.56,97.05,129.53,"11,884,632,930"
20-May-17,129.22,133.64,124.7,126.52,"11,612,447,946"
21-May-17,127.54,159.03,125.89,157.94,"14,500,421,529"
22-May-17,158.17,201.75,152.47,174.26,"16,004,156,112"
23-May-17,170.82,183.55,169.93,181.95,"16,715,702,521"
24-May-17,182.65,228.37,182.45,190.05,"17,464,735,543"
25-May-17,189.85,210.98,170.51,174.45,"16,036,165,877"
26-May-17,175.22,193.69,150.28,160.4,"14,749,889,600"
27-May-17,159.82,166.95,120.44,157.76,"14,511,207,045"
28-May-17,158.82,179.93,157.6,170.51,"15,689,192,548"
29-May-17,170.13,197.13,164.53,194.91,"17,939,882,189"
30-May-17,195.61,233.71,189.29,231.91,"21,352,550,184"
31-May-17,231.58,236.96,215.57,230.67,"21,244,817,139"
1-Jun-17,230.89,236.22,214.48,222.24,"20,474,652,879"
2-Jun-17,222.29,229.41,219.58,223.77,"20,622,162,299"
3-Jun-17,223.46,225.97,219.42,224.38,"20,683,715,605"
4-Jun-17,224.12,250.41,223.98,245.33,"22,622,207,553"
5-Jun-17,245.26,249.47,243.05,248.46,"22,917,910,489"
6-Jun-17,248.6,267.51,246.84,264.47,"24,401,181,121"
7-Jun-17,264.26,264.67,254.04,258.07,"23,818,300,202"
8-Jun-17,257.99,262.25,253.98,261.67,"24,157,329,921"
9-Jun-17,261.75,282.76,261.75,281.74,"26,018,098,658"
10-Jun-17,282.01,350.26,282.01,337.67,"31,192,780,483"
11-Jun-17,338.79,353.01,318.17,340.61,"31,473,965,821"
12-Jun-17,341.16,414.76,341.16,401.49,"37,110,948,644"
13-Jun-17,395.69,411.18,370.06,397.54,"36,756,801,123"
14-Jun-17,397.59,399.32,342.21,359.05,"33,208,658,542"
15-Jun-17,358.51,364.44,300.7,361.93,"33,485,258,152"
16-Jun-17,361.18,373.05,341.42,370.23,"34,263,095,462"
17-Jun-17,369.88,379.41,364,379.41,"35,124,053,707"
18-Jun-17,379.52,390.58,368.84,371.46,"34,398,150,201"
19-Jun-17,371.86,377.11,369.76,370.06,"34,278,915,230"
20-Jun-17,370.33,377.97,350.94,359.01,"33,260,958,885"
21-Jun-17,359.54,361.34,319.48,336.87,"31,222,823,000"
22-Jun-17,337.73,342.03,330.62,336.37,"31,185,326,164"
23-Jun-17,336.48,348.01,334.99,341.74,"31,691,908,924"
24-Jun-17,341.63,343.62,322.09,323.7,"30,027,238,696"
25-Jun-17,323.47,332.79,284.65,303.25,"28,138,409,364"
26-Jun-17,302.95,311.46,238.65,272.69,"25,309,759,968"
27-Jun-17,272.69,293.09,227.14,293.09,"27,211,279,055"
28-Jun-17,293.04,333.1,276.41,327.93,"30,454,577,323"
29-Jun-17,328.37,330.71,297.37,302.88,"28,136,918,558"
30-Jun-17,303.15,315.17,288.44,294.92,"27,404,731,861"
1-Jul-17,293.35,293.75,268.62,274.6,"25,524,313,603"
2-Jul-17,275.12,295.51,262.52,287.99,"26,776,243,984"
3-Jul-17,288.41,291.1,281.18,282.9,"26,310,761,677"
4-Jul-17,282.19,287.39,273.11,273.3,"25,425,860,777"
5-Jul-17,273.1,275.13,261.45,268.77,"25,011,710,285"
6-Jul-17,268.86,278.48,265.51,270.55,"25,179,348,911"
7-Jul-17,270.35,273.94,244.17,245.99,"22,900,134,646"
8-Jul-17,245.89,273.48,236.55,251.7,"23,443,013,086"
9-Jul-17,251.82,255.1,242.14,242.14,"22,559,120,946"
10-Jul-17,243.01,243.07,196.96,215.36,"20,069,373,698"
11-Jul-17,211.52,220.29,183.39,197.4,"18,401,040,701"
12-Jul-17,197.15,230.77,189.59,230.77,"21,517,152,174"
13-Jul-17,231.81,231.81,200.07,209.73,"19,560,300,930"
14-Jul-17,209.53,211.1,187.37,199.66,"18,625,794,688"
15-Jul-17,199.71,200.16,170.65,170.65,"15,923,953,593"
16-Jul-17,169.57,172.01,133.72,157.36,"14,687,441,605"
17-Jul-17,159.99,194.75,158.04,193.42,"18,057,735,704"
18-Jul-17,195.03,267.99,182.06,234.39,"21,887,962,776"
19-Jul-17,234.94,245.65,191.74,199.7,"18,653,610,729"
20-Jul-17,205.42,233.9,203.22,227.26,"21,233,651,866"
21-Jul-17,226.06,235.12,213.01,218.3,"20,401,709,506"
22-Jul-17,217.86,232.7,216.87,229.48,"21,451,273,566"
23-Jul-17,229.12,231.68,217.72,225.95,"21,127,295,409"
24-Jul-17,226.29,227.54,222.45,224.71,"21,016,755,177"
25-Jul-17,224.37,225.32,195.85,206.71,"19,338,262,506"
26-Jul-17,207.09,210.77,194.78,203.95,"19,085,332,800"
27-Jul-17,204.86,206.44,201.26,204.32,"19,124,468,250"
28-Jul-17,204.32,204.9,192.3,193.12,"18,081,289,103"
29-Jul-17,193.34,208.68,179.65,205.79,"19,272,280,500"
30-Jul-17,206.74,208.54,196.15,197.98,"18,545,669,554"
31-Jul-17,197.4,203.87,193.41,203.87,"19,102,596,755"
1-Aug-17,204.69,227.74,204.69,226.77,"21,252,988,047"
2-Aug-17,227.01,229.51,218.12,219.95,"20,618,746,852"
3-Aug-17,220.18,228.29,219.89,225.34,"21,128,736,918"
4-Aug-17,225.31,227.62,222.06,223.07,"20,920,682,038"
5-Aug-17,222.85,256.51,221.95,256.51,"24,061,766,194"
6-Aug-17,256.42,271.05,252.85,261.57,"24,541,904,159"
7-Aug-17,261.24,271.96,256.69,269.18,"25,262,099,071"
8-Aug-17,269.1,298.91,266.8,296.77,"27,857,712,299"
9-Aug-17,297.63,318.72,276.69,296.03,"27,794,475,648"
10-Aug-17,296.96,306.59,289.93,295.89,"27,788,165,832"
11-Aug-17,294.49,309.21,294.49,308.86,"29,013,166,489"
12-Aug-17,308.71,317.56,307.9,310.6,"29,183,139,234"
13-Aug-17,310.37,310.82,289.31,298.06,"28,011,760,531"
14-Aug-17,298.03,306.81,296.41,300.1,"28,209,451,117"
15-Aug-17,299.95,300.41,279.33,289.82,"27,249,639,651"
16-Aug-17,289.82,303.41,285.39,302.27,"28,426,961,863"
17-Aug-17,302.8,311.03,300.25,301.46,"28,357,573,570"
18-Aug-17,301.7,307.96,292.5,295.59,"27,812,276,026"
19-Aug-17,296.18,301.67,286.18,297.47,"27,995,885,731"
20-Aug-17,296.64,301.43,291.58,301.43,"28,375,046,491"
21-Aug-17,300.48,347.05,297.23,321.59,"30,280,406,340"
22-Aug-17,321.05,327.36,297.91,314.79,"29,646,659,314"
23-Aug-17,315.27,324.21,314.54,317.52,"29,911,326,162"
24-Aug-17,317.45,327.96,317.08,325.61,"30,680,964,300"
25-Aug-17,326.11,336.4,325.8,331.92,"31,281,210,162"
26-Aug-17,331.99,334.98,327.92,333.88,"31,472,781,162"
27-Aug-17,334.36,347.89,334.36,347.89,"32,799,991,739"
28-Aug-17,350.04,352.05,338.41,347.75,"32,792,635,350"
29-Aug-17,347.96,373.76,347.79,370.67,"34,961,063,278"
30-Aug-17,369.47,388.75,361.97,378.48,"35,705,639,885"
31-Aug-17,378.44,386.14,376.35,383.04,"36,142,706,814"
1-Sep-17,383.47,390.04,383.47,387.74,"36,593,410,761"
2-Sep-17,387.82,389.35,328.1,348.98,"32,942,250,738"
3-Sep-17,350.23,366.49,332.23,347.48,"32,807,142,041"
4-Sep-17,347.13,347.13,279.94,295.17,"27,873,682,151"
5-Sep-17,297.57,318.57,268.29,312.99,"29,562,162,666"
6-Sep-17,313.8,334.66,313.49,334.34,"31,584,914,370"
7-Sep-17,333.52,333.52,319.94,329.43,"31,127,463,390"
8-Sep-17,329.64,329.64,285.16,296.5,"28,021,550,341"
9-Sep-17,296.17,299.89,287.22,294.4,"27,829,435,118"
10-Sep-17,294.06,294.76,268.97,288.75,"27,300,089,799"
11-Sep-17,289.74,300.69,286.68,294.53,"27,852,586,150"
12-Sep-17,294.63,311.2,287.23,291.46,"27,568,017,613"
13-Sep-17,291.12,291.12,260.61,277.11,"26,215,830,135"
14-Sep-17,276.59,280.84,213.91,213.91,"20,240,633,669"
15-Sep-17,215.22,258.65,195.04,250.46,"23,704,566,170"
16-Sep-17,250.87,262.59,238.22,246.52,"23,336,257,868"
17-Sep-17,245.85,257,235.24,251.75,"23,835,888,183"
18-Sep-17,252.23,293.5,252.23,293.5,"27,794,233,413"
19-Sep-17,293.66,295.77,274.48,282.8,"26,787,085,258"
20-Sep-17,282.02,290.89,278.05,283.74,"26,881,372,918"
21-Sep-17,283.26,286.61,255.02,258.58,"24,502,550,354"
22-Sep-17,258.11,270.54,256.22,264.31,"25,049,676,632"
23-Sep-17,264.6,286.17,261.12,286.17,"27,125,537,826"
24-Sep-17,286.21,292.95,278.13,282.48,"26,780,610,986"
25-Sep-17,282.22,293.52,281.88,292.33,"27,718,684,465"
26-Sep-17,292.35,293.75,287.02,287.44,"27,259,015,800"
27-Sep-17,287.02,308.02,286.82,306.47,"29,068,342,956"
28-Sep-17,306.47,307.2,295.47,299.15,"28,379,292,201"
29-Sep-17,299.12,299.92,279.77,291.47,"27,654,290,280"
30-Sep-17,291.48,303.96,291.11,301.46,"28,607,406,298"
1-Oct-17,301.55,303.19,295.06,302.34,"28,694,730,559"
2-Oct-17,302.48,302.92,294.58,297.48,"28,237,763,674"
3-Oct-17,297.48,300.11,288.13,292.46,"27,766,443,809"
4-Oct-17,292.75,299.39,290.89,292.66,"27,789,444,567"
5-Oct-17,292.77,298.04,288.84,295.86,"28,098,336,333"
6-Oct-17,295.15,308.84,294.95,308.59,"29,311,483,315"
7-Oct-17,308.89,313.13,304.98,311.12,"29,557,048,403"
8-Oct-17,311.06,312.54,308.03,308.61,"29,322,710,612"
9-Oct-17,308.67,309.31,288.18,297.39,"28,261,533,648"
10-Oct-17,297.6,306.15,293.17,299.87,"28,501,667,385"
11-Oct-17,301.18,304.39,299.1,303.46,"28,847,211,568"
12-Oct-17,303.5,309.15,303.29,304.14,"28,916,525,240"
13-Oct-17,304.08,348.6,299.66,338.76,"32,213,441,854"
14-Oct-17,338.85,347.98,334.7,339.63,"32,301,459,659"
15-Oct-17,339.53,342.72,320.43,336.6,"32,018,244,067"
16-Oct-17,336.71,349.35,332.04,333.38,"31,718,200,756"
17-Oct-17,333.48,333.48,311.79,317.08,"30,173,609,812"
18-Oct-17,316.94,317.24,290.64,314.32,"29,917,084,625"
19-Oct-17,314.54,316.71,305.83,308.09,"29,330,304,837"
20-Oct-17,308.05,311.44,303.49,304.01,"28,947,916,800"
21-Oct-17,303.57,303.93,291.77,300.19,"28,590,314,194"
22-Oct-17,300.55,305.5,292.81,295.45,"28,144,794,782"
23-Oct-17,295.1,295.75,277.58,286.95,"27,341,319,876"
24-Oct-17,287.12,311.96,282.66,298.33,"28,431,576,038"
25-Oct-17,298.44,301.85,290.72,297.92,"28,399,185,652"
26-Oct-17,298.02,301.07,295.22,296.53,"28,271,925,666"
27-Oct-17,296.51,299.26,294.06,297.42,"28,363,439,564"
28-Oct-17,297.92,300.36,293.58,296.3,"28,262,202,960"
29-Oct-17,296.38,313.76,296.38,305.09,"29,106,827,254"
30-Oct-17,304.78,310.5,304.35,307.75,"29,367,079,933"
31-Oct-17,307.38,310.55,305.88,305.88,"29,194,751,985"
1-Nov-17,305.76,306.4,290.58,291.69,"27,846,764,494"
2-Nov-17,290.73,293.91,281.17,287.43,"27,445,442,368"
3-Nov-17,288.5,308.31,287.69,305.71,"29,197,317,355"
4-Nov-17,305.48,305.48,295.8,300.47,"28,702,737,365"
5-Nov-17,300.04,301.37,295.12,296.26,"28,307,052,341"
6-Nov-17,296.43,305.42,293.72,298.89,"28,564,296,472"
7-Nov-17,298.57,304.84,290.77,294.66,"28,165,778,801"
8-Nov-17,294.27,318.7,293.1,309.07,"29,549,552,409"
9-Nov-17,308.64,329.45,307.06,320.88,"30,685,584,327"
10-Nov-17,320.67,324.72,294.54,299.25,"28,623,188,738"
11-Nov-17,298.59,319.45,298.19,314.68,"30,105,285,828"
12-Nov-17,314.69,319.15,298.51,307.91,"29,463,540,579"
13-Nov-17,307.02,328.42,307.02,316.72,"30,312,834,756"
14-Nov-17,316.76,340.18,316.76,337.63,"32,321,383,639"
15-Nov-17,337.96,340.91,329.81,333.36,"31,919,060,540"
16-Nov-17,333.44,336.16,323.61,330.92,"31,692,795,453"
17-Nov-17,330.17,334.96,327.52,332.39,"31,840,349,187"
18-Nov-17,331.98,349.62,327.69,347.61,"33,305,160,559"
19-Nov-17,347.4,371.29,344.74,354.39,"33,961,430,090"
20-Nov-17,354.09,372.14,353.29,366.73,"35,151,847,933"
21-Nov-17,367.44,372.47,350.69,360.4,"34,552,559,750"
22-Nov-17,360.31,381.42,360.15,380.65,"36,501,878,925"
23-Nov-17,381.44,425.55,376.09,410.17,"39,340,408,036"
24-Nov-17,412.5,480.97,402.76,474.91,"45,560,021,462"
25-Nov-17,475.68,485.19,461.05,466.28,"44,741,093,552"
26-Nov-17,465.97,472.72,451.61,471.33,"45,235,644,662"
27-Nov-17,471.53,493.4,468.48,480.36,"46,111,561,438"
28-Nov-17,480.52,482.48,466.35,472.9,"45,405,717,909"
29-Nov-17,473.28,522.31,425.07,427.52,"41,057,383,009"
30-Nov-17,431.21,465.5,401.24,447.11,"42,947,937,239"
1-Dec-17,445.21,472.61,428.31,466.54,"44,823,457,369"
2-Dec-17,466.85,476.24,456.65,463.45,"44,535,863,933"
3-Dec-17,463.7,482.81,451.85,465.85,"44,776,362,724"
4-Dec-17,466.05,474.78,453.31,470.2,"45,204,145,125"
5-Dec-17,470.29,473.56,457.66,463.28,"44,548,159,326"
6-Dec-17,462.6,462.71,420.21,428.59,"41,220,997,942"
7-Dec-17,426.37,441.4,414.41,434.41,"41,789,848,007"
8-Dec-17,434.99,466.06,422.37,456.03,"43,879,256,076"
9-Dec-17,457.34,504.15,456.25,473.5,"45,570,080,683"
10-Dec-17,472.79,472.79,429.51,441.72,"42,520,479,602"
11-Dec-17,440.36,516.97,439.1,515.14,"49,597,927,198"
12-Dec-17,522.29,657.32,504.49,651.43,"62,733,982,232"
13-Dec-17,644.91,747.99,597.8,702.77,"67,692,231,422"
14-Dec-17,700.59,753.12,664.99,695.82,"67,036,917,107"
15-Dec-17,696.38,697.13,621.06,684.45,"65,956,174,321"
16-Dec-17,686.19,718.39,680.79,696.21,"67,103,695,920"
17-Dec-17,696.24,735.83,696.24,719.97,"69,409,025,338"
18-Dec-17,721.73,803.93,689.23,794.65,"76,623,897,492"
19-Dec-17,793.9,881.94,785.34,826.82,"79,743,740,362"
20-Dec-17,827.52,845.06,756,819.09,"79,014,430,828"
21-Dec-17,820.24,880.54,792.69,821.06,"79,221,896,341"
22-Dec-17,822.64,827.68,543.76,674.86,"65,129,109,277"
23-Dec-17,681.32,763.9,679.73,719.39,"69,441,297,649"
24-Dec-17,721.77,721.77,614.92,694.15,"67,019,237,420"
25-Dec-17,698.87,782.52,698.87,765.83,"73,955,757,349"
26-Dec-17,763.37,786.79,760.93,773.84,"74,744,613,931"
27-Dec-17,774.97,789.25,738.41,762.84,"73,698,377,070"
28-Dec-17,762.21,763.32,701.19,737.02,"71,219,054,808"
29-Dec-17,740.39,770.12,729.61,753.59,"72,835,328,712"
30-Dec-17,753.82,753.82,685.23,717.26,"69,338,470,696"
31-Dec-17,712.21,760.35,710.12,756.73,"73,170,170,967"
1-Jan-18,755.76,782.53,742,772.64,"74,724,233,458"
2-Jan-18,772.35,914.83,772.35,884.44,"85,552,984,077"
3-Jan-18,886,974.47,868.45,962.72,"93,146,829,617"
4-Jan-18,961.71,"1,045.08",946.09,980.92,"94,924,308,783"
5-Jan-18,975.75,"1,075.39",956.33,997.72,"96,574,936,368"
6-Jan-18,995.15,"1,060.71",994.62,"1,041.68","100,852,102,738"
7-Jan-18,"1,043.01","1,153.17","1,043.01","1,153.17","111,670,667,774"
8-Jan-18,"1,158.26","1,266.93","1,016.05","1,148.53","111,244,629,093"
9-Jan-18,"1,146.00","1,320.98","1,145.49","1,299.74","125,917,925,182"
10-Jan-18,"1,300.34","1,417.38","1,226.60","1,255.82","121,689,425,203"
11-Jan-18,"1,268.09","1,337.30","1,135.17","1,154.93","111,937,424,561"
12-Jan-18,"1,158.29","1,296.04","1,120.09","1,273.20","123,426,938,667"
13-Jan-18,"1,270.47","1,432.88","1,270.47","1,396.42","135,400,735,922"
14-Jan-18,"1,397.48","1,400.56","1,286.21","1,366.77","132,554,906,162"
15-Jan-18,"1,365.21","1,390.59","1,290.60","1,291.92","125,319,766,537"
16-Jan-18,"1,292.63","1,292.63",875.54,"1,053.69","102,231,295,311"
17-Jan-18,"1,061.34","1,090.23",780.92,"1,014.25","98,429,091,487"
18-Jan-18,"1,016.44","1,100.31",967.76,"1,036.28","100,588,318,055"
19-Jan-18,"1,028.82","1,093.22","1,003.71","1,039.10","100,883,462,786"
20-Jan-18,"1,044.95","1,167.11","1,044.95","1,155.15","112,174,461,242"
21-Jan-18,"1,155.68","1,155.68","1,021.50","1,049.58","101,943,726,022"
22-Jan-18,"1,055.35","1,089.10",930.74,"1,003.26","97,465,684,890"
23-Jan-18,"1,004.17","1,023.23",920.54,986.23,"95,831,359,552"
24-Jan-18,987.48,"1,062.44",965.81,"1,058.78","102,902,843,882"
25-Jan-18,"1,063.22","1,104.66","1,034.74","1,056.03","102,657,059,605"
26-Jan-18,"1,052.70","1,080.60",996.78,"1,055.17","102,595,008,990"
27-Jan-18,"1,055.75","1,121.98","1,042.12","1,107.07","107,663,911,307"
28-Jan-18,"1,111.78","1,257.77","1,111.78","1,246.01","121,201,618,306"
29-Jan-18,"1,246.70","1,256.70","1,169.08","1,182.36","115,034,583,684"
30-Jan-18,"1,184.13","1,184.63","1,058.97","1,071.13","104,234,481,555"
31-Jan-18,"1,071.09","1,128.66","1,034.50","1,118.31","108,848,638,400"
1-Feb-18,"1,119.37","1,161.35",984.82,"1,036.79","100,935,354,837"
2-Feb-18,"1,035.77","1,035.77",757.98,915.78,"89,173,962,074"
3-Feb-18,919.21,991.94,847.69,964.02,"93,890,299,032"
4-Feb-18,964.67,969.03,805.06,834.68,"81,310,521,832"
5-Feb-18,834.96,856.65,644.6,697.95,"68,005,284,183"
6-Feb-18,707.74,796.44,574.42,793.12,"77,294,507,868"
7-Feb-18,790.43,851.2,723.43,757.07,"73,796,288,509"
8-Feb-18,755.84,845.09,755.84,817.81,"79,733,609,806"
9-Feb-18,818.48,884,788.83,883.86,"86,191,922,699"
10-Feb-18,882.47,917.4,825.58,860.41,"83,922,989,198"
11-Feb-18,859.29,859.29,788.22,814.66,"79,476,512,347"
12-Feb-18,817.51,875.94,817.51,868.71,"84,767,037,716"
13-Feb-18,869.29,870.71,828.84,845.26,"82,496,189,206"
14-Feb-18,844.28,926.43,844.28,923.56,"90,157,005,929"
15-Feb-18,923.73,951.95,911.11,936.98,"91,485,862,822"
16-Feb-18,934.79,950.01,917.85,944.21,"92,211,437,654"
17-Feb-18,944.75,976.59,940.75,974.11,"95,151,956,513"
18-Feb-18,973.35,982.93,915.45,923.92,"90,267,805,476"
19-Feb-18,921.67,957.78,921.55,943.86,"92,235,641,556"
20-Feb-18,943.57,965.27,892.95,895.37,"87,514,997,546"
21-Feb-18,894.14,912.38,830.56,849.97,"83,095,081,059"
22-Feb-18,849.26,875.93,802.67,812.84,"79,482,140,044"
23-Feb-18,811.59,886.32,794.79,864.19,"84,520,567,485"
24-Feb-18,861.59,879.53,818.55,840.52,"82,222,377,928"
25-Feb-18,839.46,853.15,822.38,844.81,"82,659,602,549"
26-Feb-18,845.28,880.39,842.32,869.32,"85,074,973,200"
27-Feb-18,870.36,896.26,867.1,878.27,"85,968,788,108"
28-Feb-18,877.93,890.11,855.12,855.2,"83,728,564,149"
1-Mar-18,856.01,880.3,851.92,872.2,"85,410,827,047"
2-Mar-18,871.76,876.38,852.42,856.85,"83,925,690,001"
3-Mar-18,856.71,868.45,855.21,857.22,"83,979,651,073"
4-Mar-18,856.19,867.95,840.28,866.68,"84,923,240,778"
5-Mar-18,866.85,869.92,853.52,853.68,"83,667,342,992"
6-Mar-18,853.82,853.82,809.93,816.95,"80,083,929,891"
7-Mar-18,816.27,825.61,726.55,752.83,"73,813,918,307"
8-Mar-18,752.57,773.77,696.17,704.6,"69,098,851,661"
9-Mar-18,702.2,729.16,648.11,728.92,"71,498,733,754"
10-Mar-18,730.16,748.03,682.7,686.89,"67,390,487,259"
11-Mar-18,685.31,735.83,668.12,723.34,"70,981,343,639"
12-Mar-18,724.41,742.51,683.27,699.83,"68,688,764,839"
13-Mar-18,698.15,713.73,682.35,690.83,"67,819,092,121"
14-Mar-18,691.22,702.78,594.1,614.29,"60,318,025,226"
15-Mar-18,614.84,620.62,579.51,611.3,"60,037,233,577"
16-Mar-18,611.78,623.17,587.86,601.67,"59,103,031,871"
17-Mar-18,601.68,609.15,549.1,552.78,"54,312,035,489"
18-Mar-18,551.64,551.64,460.09,538.64,"52,934,184,182"
19-Mar-18,546.63,558.1,519.12,556.73,"54,722,473,140"
20-Mar-18,556.72,567.09,521.2,557.17,"54,777,982,164"
21-Mar-18,559.1,589.61,550.57,561.73,"55,237,391,316"
22-Mar-18,562.1,577.57,523.09,539.7,"53,082,150,649"
23-Mar-18,539.86,540.49,512.13,539.62,"53,084,905,906"
24-Mar-18,542.57,545.38,526.08,526.44,"51,799,123,912"
25-Mar-18,522.7,535.82,515.66,524.29,"51,598,047,955"
26-Mar-18,524.29,526.38,470.44,489.95,"48,228,842,327"
27-Mar-18,489.59,491.46,449.97,450.12,"44,316,774,118"
28-Mar-18,450.29,466.21,444.86,446.28,"43,948,072,321"
29-Mar-18,448.08,450.81,385.81,385.97,"38,016,727,209"
30-Mar-18,385.9,409.93,368.63,394.64,"38,879,465,944"
31-Mar-18,395,418.47,392.95,396.46,"39,066,085,342"
1-Apr-18,397.25,400.53,363.8,379.61,"37,413,407,420"
2-Apr-18,379.7,395.17,377.59,386.42,"38,093,277,842"
3-Apr-18,387.31,418.97,383.53,416.89,"41,105,280,498"
4-Apr-18,416.48,417.47,375.31,380.54,"37,528,933,631"
5-Apr-18,379.95,387.72,369.82,383.23,"37,802,008,408"
6-Apr-18,382.73,385.2,366.91,370.29,"36,532,478,896"
7-Apr-18,370.38,393.06,369.94,385.31,"38,023,057,371"
8-Apr-18,385.74,402.59,385.6,400.51,"39,530,560,784"
9-Apr-18,400.86,429.25,390.61,398.53,"39,343,018,191"
10-Apr-18,399.41,415.89,393.88,414.24,"40,903,130,396"
11-Apr-18,415.02,430.54,412.47,430.54,"42,521,044,920"
12-Apr-18,430.16,493.06,417.41,492.94,"48,693,844,481"
13-Apr-18,493.16,526.47,482.66,492.73,"48,683,660,481"
14-Apr-18,492.58,512.02,488.28,501.48,"49,557,725,333"
15-Apr-18,502.88,531.7,502.88,531.7,"52,555,419,462"
16-Apr-18,532.07,534.2,500.25,511.15,"50,534,185,799"
17-Apr-18,511.14,518.03,502.56,502.89,"49,728,519,115"
18-Apr-18,503.31,525.09,503.05,524.79,"51,904,227,886"
19-Apr-18,524.04,567.89,523.26,567.89,"56,178,772,001"
20-Apr-18,567.99,618.72,560.28,615.72,"60,922,818,296"
21-Apr-18,616,621.89,578.55,605.4,"59,913,832,194"
22-Apr-18,606.12,640.77,593.87,621.86,"61,556,034,015"
23-Apr-18,621.2,646.7,621.03,642.55,"63,617,020,167"
24-Apr-18,643.4,708.88,643.4,708.16,"70,127,342,534"
25-Apr-18,707.06,707.06,600.21,615.42,"60,955,966,711"
26-Apr-18,618.08,663.18,604.01,662.81,"65,663,946,135"
27-Apr-18,662.11,684.87,647.03,647.03,"64,114,105,428"
28-Apr-18,644.65,691.44,644.65,683.68,"67,759,208,004"
29-Apr-18,683.91,697.76,670.51,688.88,"68,289,153,706"
30-Apr-18,689.76,694.44,666.12,669.92,"66,423,712,256"
1-May-18,670.46,674.4,637.54,673.61,"66,803,233,984"
2-May-18,674.08,688.84,667.42,687.15,"68,159,979,253"
3-May-18,686.59,784.34,686.59,779.54,"77,340,839,220"
4-May-18,776.78,803.75,762.63,785.62,"77,960,306,236"
5-May-18,784.58,827.46,784.24,816.12,"81,003,446,783"
6-May-18,816.09,835.06,764.88,792.31,"78,656,662,788"
7-May-18,793.34,795.76,710.18,753.72,"74,841,655,792"
8-May-18,755.01,774.25,728.13,752.86,"74,770,813,968"
9-May-18,752.9,759.53,718.47,752.28,"74,728,439,730"
10-May-18,752.58,766.75,726.66,727.28,"72,260,117,775"
11-May-18,727.01,736.98,669.83,679.59,"67,535,702,572"
12-May-18,679.88,691.41,644.07,686.05,"68,192,028,458"
13-May-18,687.17,741.31,675.32,733.5,"72,923,278,119"
14-May-18,732.73,742.17,695.79,730.55,"72,645,181,706"
15-May-18,731.14,739.05,700.99,708.87,"70,504,110,201"
16-May-18,708.09,710.2,682.54,707.05,"70,337,446,111"
17-May-18,708.72,718.83,668.83,672.66,"66,929,938,612"
18-May-18,672.1,695.03,663.81,694.37,"69,104,455,849"
19-May-18,695.07,715.58,686.79,696.53,"69,334,147,807"
20-May-18,697.92,723.75,692.67,715.37,"71,224,213,260"
21-May-18,717.19,719.28,692.49,699.22,"69,631,032,596"
22-May-18,700.18,700.98,644.03,647.74,"64,517,663,406"
23-May-18,646.67,651.64,572.95,583.59,"58,139,666,822"
24-May-18,584.54,610.82,557.21,601.76,"59,962,094,302"
25-May-18,602.14,617.19,575.62,586.73,"58,477,440,268"
26-May-18,587.43,606.17,583.51,587.28,"58,544,016,481"
27-May-18,588.52,590.33,562.87,572.67,"57,099,072,056"
28-May-18,573.04,576.05,512.55,516.04,"51,463,146,627"
29-May-18,516.15,572.26,516.15,565.39,"56,396,587,656"
30-May-18,566.83,583.14,545.43,559.59,"55,829,809,817"
31-May-18,558.5,585.54,557.07,577.65,"57,643,138,807"
1-Jun-18,578.67,589.09,567.66,580.04,"57,894,350,583"
2-Jun-18,580.43,597.08,577.32,591.81,"59,080,880,117"
3-Jun-18,591.26,624.51,591.26,618.33,"61,740,821,846"
4-Jun-18,619.44,623.43,583.75,592.98,"59,222,873,880"
5-Jun-18,593.41,611.33,580.98,609.3,"60,864,980,395"
6-Jun-18,610.26,611.64,596.4,607.12,"60,659,842,641"
7-Jun-18,607.69,616.14,601.69,605.19,"60,478,879,395"
8-Jun-18,605.44,608.81,595.59,601.08,"60,080,608,858"
9-Jun-18,600.91,608.58,597.56,597.56,"59,741,701,633"
10-Jun-18,594.34,594.34,511.89,526.48,"52,645,885,461"
11-Jun-18,524.86,536.86,515.27,533.28,"53,337,466,294"
12-Jun-18,532.71,538.96,491.23,496.84,"49,702,985,162"
13-Jun-18,498.02,501.9,459,477.49,"47,777,150,787"
14-Jun-18,478.38,523.54,467.47,519.74,"52,015,066,663"
15-Jun-18,520.48,521.3,487.47,491,"49,149,084,090"
16-Jun-18,490.41,503.22,488.85,499.64,"50,024,018,701"
17-Jun-18,499.46,507.64,498.65,500.45,"50,114,921,288"
18-Jun-18,499.38,521.8,494.07,518.89,"51,972,519,171"
19-Jun-18,519.02,542.35,516.31,537.96,"53,893,191,559"
20-Jun-18,538.51,541.02,519.37,536.27,"53,735,032,875"
21-Jun-18,536.45,543.72,524.26,527.37,"52,853,921,455"
22-Jun-18,527.19,527.19,456.88,465.82,"46,694,859,628"
23-Jun-18,466.27,479.13,462.39,474.52,"47,577,076,102"
24-Jun-18,474.77,475.36,426.47,457.67,"45,897,156,207"
25-Jun-18,455.94,470.34,448.9,460.31,"46,171,165,114"
26-Jun-18,460.73,461.21,432.77,432.77,"43,417,898,248"
27-Jun-18,432.24,444.24,424.84,442.36,"44,389,430,889"
28-Jun-18,442.29,443.62,419.68,422.36,"42,391,125,054"
29-Jun-18,422.59,441.79,407.95,436.01,"43,769,409,548"
30-Jun-18,436.21,458.8,436.21,455.18,"45,703,302,056"
1-Jul-18,455.24,457.14,446.39,453.92,"45,585,861,718"
2-Jul-18,453.82,479.13,447.11,475.35,"47,747,743,959"
3-Jul-18,475.39,483.85,462.58,464.2,"46,637,067,239"
4-Jul-18,464.15,481.44,455.18,467.32,"46,960,391,871"
5-Jul-18,467.29,483.23,464.63,474.41,"47,682,968,020"
6-Jul-18,474.36,479.65,457.61,474.01,"47,652,424,064"
7-Jul-18,474.06,491.66,466.84,491.66,"49,436,674,025"
8-Jul-18,492.07,503.2,488.42,489.12,"49,191,161,178"
9-Jul-18,488.88,490.85,475.17,476.68,"47,950,212,027"
10-Jul-18,476.16,478.32,433.96,434.42,"43,708,241,775"
11-Jul-18,434.52,447.32,429.51,446.52,"44,934,271,235"
12-Jul-18,446.5,446.5,422.81,430.07,"43,288,294,177"
13-Jul-18,430.74,442.36,430.74,434.03,"43,694,988,769"
14-Jul-18,434.51,439.43,431.47,436.09,"43,911,193,561"
15-Jul-18,435.88,454,433.92,449.85,"45,306,414,380"
16-Jul-18,450.42,480.66,446.8,480.66,"48,419,026,521"
17-Jul-18,480.08,508.78,468.92,501,"50,478,766,285"
18-Jul-18,500.84,513.43,474.36,480.51,"48,424,155,624"
19-Jul-18,480.63,483.24,465.14,469.62,"47,335,899,963"
20-Jul-18,469.31,469.31,443.69,450.7,"45,437,819,522"
21-Jul-18,450.68,468.08,445.78,462.44,"46,630,720,739"
22-Jul-18,462.44,470.9,458.12,459.66,"46,360,029,757"
23-Jul-18,459.44,469.77,449.73,450.85,"45,481,301,491"
24-Jul-18,451.14,481.14,450.57,479.37,"48,368,209,917"
25-Jul-18,479.91,482.87,466.47,472.49,"47,683,830,874"
26-Jul-18,472.33,483.7,461.42,464.04,"46,839,932,193"
27-Jul-18,464.01,473.22,458.29,469.67,"47,417,755,376"
28-Jul-18,469.68,471.59,462.99,466.9,"47,147,853,886"
29-Jul-18,466.92,470.36,462.71,466.67,"47,133,881,666"
30-Jul-18,466.83,467.95,448.64,457.08,"46,175,217,427"
31-Jul-18,457.25,457.25,430.44,433.87,"43,839,034,237"
1-Aug-18,433.87,435.46,410.46,420.75,"42,521,937,218"
2-Aug-18,420.81,425.03,410.31,412.62,"41,709,183,608"
3-Aug-18,412.57,420.55,399.91,418.26,"42,287,977,978"
4-Aug-18,418.24,420.19,403.78,407.25,"41,183,215,694"
5-Aug-18,407.35,413.72,402.43,410.52,"41,521,715,110"
6-Aug-18,410.57,414.54,403.32,406.66,"41,139,790,462"
7-Aug-18,406.8,411.41,376.08,380.22,"38,472,420,233"
8-Aug-18,379.89,380.67,353.73,356.61,"36,091,566,801"
9-Aug-18,356.97,370.95,353.61,365.59,"37,007,391,031"
10-Aug-18,365.78,367.05,329.59,334.18,"33,834,485,092"
11-Aug-18,334.26,334.26,308.49,322.11,"32,619,681,420"
12-Aug-18,320.82,328.59,318.6,319.57,"32,368,768,332"
13-Aug-18,320.21,323.55,284.93,286.5,"29,024,490,503"
14-Aug-18,286.37,286.37,254.65,278.93,"28,263,969,132"
15-Aug-18,280.39,303.59,280.12,282.36,"28,617,473,116"
16-Aug-18,282.74,298.48,280.93,288.05,"29,199,228,646"
17-Aug-18,287.68,316.17,287.35,315.73,"32,011,921,283"
18-Aug-18,316.79,320.45,286.55,295.81,"29,998,584,852"
19-Aug-18,295.67,307.1,291.33,300.83,"30,514,025,774"
20-Aug-18,301.38,304.37,273.51,274.32,"27,829,775,231"
21-Aug-18,273.33,285.97,273.33,281.94,"28,609,531,323"
22-Aug-18,281.97,297.49,265,271.34,"27,539,119,679"
23-Aug-18,271.75,279.55,271.09,277.1,"28,129,662,664"
24-Aug-18,278.11,283.3,273.86,282.97,"28,730,705,349"
25-Aug-18,283.28,283.52,278.47,279.65,"28,399,212,923"
26-Aug-18,279.53,279.53,272.44,275.2,"27,953,028,997"
27-Aug-18,275.35,285.6,273.65,285.6,"29,015,874,948"
28-Aug-18,286.65,297.4,283.57,296.5,"30,128,902,937"
29-Aug-18,296.16,297.07,287.29,289.31,"29,404,459,725"
30-Aug-18,289.75,291.24,275.21,284.11,"28,881,058,148"
31-Aug-18,284.12,284.55,278.51,283,"28,774,922,508"
1-Sep-18,283.5,301.14,283.5,295.34,"30,035,327,410"
2-Sep-18,295.45,298.69,290.93,294.37,"29,942,718,225"
3-Sep-18,295.18,295.59,287.43,289.26,"29,428,616,901"
4-Sep-18,289.3,291.58,284.26,285.72,"29,074,743,101"
5-Sep-18,286.05,288.16,232.33,232.33,"23,646,371,777"
6-Sep-18,231.65,231.76,218.12,230.22,"23,435,751,842"
7-Sep-18,229.54,233.9,217.08,217.2,"22,115,522,904"
8-Sep-18,217.91,220.37,193.26,197.95,"20,159,309,964"
9-Sep-18,198.39,207.67,188.31,196.92,"20,058,708,800"
10-Sep-18,197.85,201.88,189.58,197.08,"20,078,523,984"
11-Sep-18,198.18,198.51,180.6,185.07,"18,858,381,966"
12-Sep-18,185.42,185.59,170.26,183.33,"18,685,319,378"
13-Sep-18,183.68,214,183.68,211.35,"21,545,775,837"
14-Sep-18,212.67,222.79,204.87,211.75,"21,590,366,996"
15-Sep-18,209.81,226.6,209.61,223.07,"22,749,647,321"
16-Sep-18,222.8,222.8,211.12,220.59,"22,500,748,646"
17-Sep-18,221.58,224.26,195.31,197.88,"20,187,902,505"
18-Sep-18,197.1,213.36,195.93,209.98,"21,426,628,309"
19-Sep-18,209.47,213.87,201.66,209.97,"21,430,323,331"
20-Sep-18,210.29,224.82,207.79,224.59,"22,927,300,808"
21-Sep-18,225.25,248.39,221.57,246.58,"25,177,561,991"
22-Sep-18,247.34,251.2,233.81,240.48,"24,559,189,741"
23-Sep-18,240.99,247.46,237.86,244.33,"24,957,339,670"
24-Sep-18,244.84,245.11,227.49,228.73,"23,368,514,475"
25-Sep-18,228.33,228.33,206.49,218.51,"22,328,327,983"
26-Sep-18,218.65,221.44,209.11,215.85,"22,061,164,303"
27-Sep-18,215.44,230.61,212.65,228.49,"23,358,464,739"
28-Sep-18,229.04,231.75,218.67,222.4,"22,740,233,568"
29-Sep-18,221.71,234.01,216.08,231.64,"23,688,983,896"
30-Sep-18,231.33,236.99,228.45,232.85,"23,817,805,502"
1-Oct-18,233.22,234.15,226.95,230.77,"23,609,728,018"
2-Oct-18,231.1,231.17,225.84,227.18,"23,247,403,474"
3-Oct-18,226.41,226.46,213.97,220.49,"22,567,089,086"
4-Oct-18,220.45,226.15,220.09,222.22,"22,748,580,859"
5-Oct-18,222.27,228.32,220.96,227.6,"23,304,234,601"
6-Oct-18,227.55,227.93,224.25,225.12,"23,054,817,089"
7-Oct-18,225.44,226.37,223,226.12,"23,161,767,973"
8-Oct-18,226.51,230.77,224.56,229.26,"23,487,673,000"
9-Oct-18,229.71,230.16,226.4,227.98,"23,361,891,401"
10-Oct-18,227.62,227.71,224.5,225.77,"23,139,713,070"
11-Oct-18,225.61,225.61,189.28,189.5,"19,426,181,717"
12-Oct-18,188.71,199.4,188.71,196.73,"20,171,157,774"
13-Oct-18,196.36,201.28,196.36,199.84,"20,494,529,773"
14-Oct-18,199.69,201.83,195.24,195.72,"20,075,397,007"
15-Oct-18,195.27,222.12,194.16,209.7,"21,514,574,462"
16-Oct-18,209.63,212.17,207.98,210.12,"21,561,538,445"
17-Oct-18,210.22,211.13,205.93,207.08,"21,254,117,736"
18-Oct-18,207.4,208.47,201.74,203.35,"20,875,341,345"
19-Oct-18,203.26,204.66,201.84,203.73,"20,917,973,393"
20-Oct-18,203.52,206.22,203.09,205.43,"21,097,037,289"
21-Oct-18,205.39,208.16,204.62,205.14,"21,071,630,786"
22-Oct-18,205.17,206.93,203.38,204.04,"20,962,977,292"
23-Oct-18,204.02,205.15,201.91,204.34,"20,997,181,867"
24-Oct-18,204.13,205.58,203.35,203.85,"20,951,603,018"
25-Oct-18,203.87,204.13,201.82,202.72,"20,839,259,066"
26-Oct-18,202.34,204.78,201.55,203.33,"20,906,130,835"
27-Oct-18,203.36,206.08,203.13,204.21,"21,000,852,987"
28-Oct-18,204.51,205.92,203.52,205.37,"21,123,907,349"
29-Oct-18,205.17,205.6,195.73,197.25,"20,292,811,278"
30-Oct-18,197.2,198.12,196.35,197.56,"20,328,580,026"
31-Oct-18,197.65,198.34,196.53,197.38,"20,314,628,127"
1-Nov-18,197.54,203.75,197.33,198.87,"20,472,105,764"
2-Nov-18,198.98,201.27,198.76,200.64,"20,657,629,735"
3-Nov-18,200.74,200.74,199.53,200.19,"20,615,439,151"
4-Nov-18,200.16,211.27,198.99,207.49,"21,371,416,840"
5-Nov-18,207.1,210.82,206.57,209.09,"21,540,996,877"
6-Nov-18,209.47,218.45,207.89,218.45,"22,445,690,692"
7-Nov-18,218.9,221.65,216.8,217.18,"22,383,497,662"
8-Nov-18,217.33,218.34,212.2,212.23,"21,877,424,057"
9-Nov-18,211.99,213.32,209.52,210.07,"21,659,329,261"
10-Nov-18,209.98,213.86,209.81,212.53,"21,917,195,708"
11-Nov-18,212.48,213,208.87,211.34,"21,798,464,881"
12-Nov-18,211.51,212.62,208.92,210.42,"21,707,637,540"
13-Nov-18,210.15,210.52,206.14,206.83,"21,341,261,802"
14-Nov-18,206.53,207.05,174.08,181.4,"18,721,032,761"
15-Nov-18,181.9,184.25,170.19,180.81,"18,663,659,629"
16-Nov-18,180.87,181.35,173.13,175.18,"18,086,156,169"
17-Nov-18,175.36,175.85,172.87,174,"17,968,221,715"
18-Nov-18,174.18,179.15,174.18,177.07,"18,288,411,984"
19-Nov-18,177.18,177.18,147.85,149.18,"15,410,551,811"
20-Nov-18,148.81,151.25,126.36,130.34,"13,467,303,239"
21-Nov-18,131.14,138.89,125.76,136.7,"14,127,420,909"
22-Nov-18,136.81,137.74,126.71,126.71,"13,097,009,562"
23-Nov-18,126.42,127.03,119.56,123.3,"12,747,016,419"
24-Nov-18,123.3,126.79,110.83,113.49,"11,735,901,799"
25-Nov-18,113.13,118.88,101.77,116.45,"12,043,900,588"
26-Nov-18,116.34,118.2,104.89,108.34,"11,206,775,318"
27-Nov-18,107.91,111.84,102.45,110.01,"11,382,216,773"
28-Nov-18,110.2,126.05,110.2,122.44,"12,670,491,119"
29-Nov-18,122.72,123.23,115.3,117.54,"12,166,285,642"
30-Nov-18,117.73,119.42,111.74,113.17,"11,716,096,076"
1-Dec-18,113.4,120.84,111.62,118.64,"12,284,117,522"
2-Dec-18,118.27,120.56,116.09,116.39,"12,053,770,487"
3-Dec-18,116.38,116.62,107.42,108.93,"11,282,911,404"
4-Dec-18,108.8,113.14,107.4,110.21,"11,418,617,063"
5-Dec-18,110.34,110.6,102.48,102.48,"10,618,884,099"
6-Dec-18,102.45,104.1,91.76,91.76,"9,510,417,097"
7-Dec-18,91.65,96.09,83.47,93.29,"9,671,177,427"
8-Dec-18,93.41,97.06,86.83,92.16,"9,555,327,946"
9-Dec-18,92.04,98.9,91.03,95.14,"9,866,414,732"
10-Dec-18,94.99,96.26,90.65,91.69,"9,509,816,315"
11-Dec-18,91.58,92.78,87.69,88.95,"9,227,301,064"
12-Dec-18,88.61,92.24,88.26,90.59,"9,400,044,026"
13-Dec-18,90.66,91.11,85.52,86.54,"8,981,108,543"
14-Dec-18,86.63,87.14,83.23,84.31,"8,751,209,554"
15-Dec-18,84.28,85.34,82.83,84.44,"8,766,638,124"
16-Dec-18,84.47,87.57,84.47,85.26,"8,853,567,311"
17-Dec-18,85.38,96.81,85.38,95.13,"9,880,456,239"
18-Dec-18,95.11,101.32,92.97,101.11,"10,503,295,749"
19-Dec-18,101.68,108.55,100.69,101.27,"10,521,416,481"
20-Dec-18,101.09,117.17,100.64,116.22,"12,076,674,310"
21-Dec-18,115.84,119.09,107.58,109.5,"11,380,357,569"
22-Dec-18,109.46,116.76,107.5,116.76,"12,137,481,655"
23-Dec-18,117.27,133.08,117.27,130.77,"13,595,887,732"
24-Dec-18,130.64,157.67,130.64,140.24,"14,583,457,939"
25-Dec-18,141,141,125.11,129.84,"13,505,089,290"
26-Dec-18,129.89,136.68,126.29,131.87,"13,717,858,346"
27-Dec-18,131.92,132.68,115.65,116.58,"12,129,493,222"
28-Dec-18,116.9,137.65,115.69,137.65,"14,324,511,544"
29-Dec-18,138.47,147.03,134.57,138.02,"14,365,797,196"
30-Dec-18,137.63,140.69,133.98,139.86,"14,560,066,114"
31-Dec-18,140.03,140.18,132.52,133.37,"13,886,837,730"
1-Jan-19,133.42,141.4,132.65,140.82,"14,665,318,370"
2-Jan-19,141.52,156.93,140.65,155.05,"16,150,049,902"
3-Jan-19,155.2,155.86,147.2,149.14,"15,536,849,936"
4-Jan-19,148.91,156.88,147.91,154.58,"16,107,068,093"
5-Jan-19,154.34,160.82,154.34,155.64,"16,219,974,745"
6-Jan-19,155.8,159.37,152.09,157.75,"16,442,429,109"
7-Jan-19,157.81,158.45,151.15,151.7,"15,814,868,678"
8-Jan-19,151.97,153.63,148.67,150.36,"15,677,889,902"
9-Jan-19,150.55,153.62,150.29,150.8,"15,726,845,711"
10-Jan-19,150.84,152.15,126.53,128.63,"13,416,263,931"
11-Jan-19,127.81,130.17,125.24,127.55,"13,306,214,134"
12-Jan-19,127.53,128.67,125.45,125.97,"13,143,426,379"
13-Jan-19,125.91,126.27,116.09,116.9,"12,199,288,487"
14-Jan-19,116.98,130.86,116.97,129.07,"13,471,754,802"
15-Jan-19,129.17,130.74,120.31,122.03,"12,739,543,688"
16-Jan-19,121.81,127.12,121.44,123.55,"12,899,812,275"
17-Jan-19,123.57,124.27,120.82,123.74,"12,922,347,330"
18-Jan-19,123.65,123.84,120.24,121.01,"12,639,234,713"
19-Jan-19,121.61,125.9,121.16,124.52,"13,007,954,846"
20-Jan-19,124.63,125.07,118.7,119.47,"12,483,136,112"
21-Jan-19,119.64,119.72,116.16,117.16,"12,242,940,197"
22-Jan-19,117.11,119.66,114.68,118.75,"12,410,972,241"
23-Jan-19,118.71,119.42,116.38,117.45,"12,277,481,872"
24-Jan-19,117.46,118.03,116.01,117.36,"12,269,992,351"
25-Jan-19,117.59,117.8,115.83,116.38,"12,168,932,300"
26-Jan-19,116.37,118.08,115.98,116.49,"12,182,338,148"
27-Jan-19,116.51,116.69,113.41,113.41,"11,861,671,822"
28-Jan-19,113.29,113.69,103.34,106.59,"11,150,461,958"
29-Jan-19,106.72,107.17,104,105.6,"11,048,347,342"
30-Jan-19,105.41,109.45,104.84,108.91,"11,396,282,341"
31-Jan-19,108.9,110.46,106.53,107.06,"11,204,735,502"
1-Feb-19,107.15,108.64,105.05,107.61,"11,263,815,610"
2-Feb-19,107.47,110.65,106.76,110.43,"11,560,765,573"
3-Feb-19,110.49,110.83,106.56,107.49,"11,254,870,706"
4-Feb-19,107.63,108.7,107.07,107.82,"11,290,969,364"
5-Feb-19,107.63,108.13,106.91,107.44,"11,253,035,388"
6-Feb-19,107.57,107.57,102.93,104.92,"10,990,266,833"
7-Feb-19,104.84,106.06,104.41,104.54,"10,951,652,648"
8-Feb-19,104.65,119.81,104.19,119.27,"12,496,945,336"
9-Feb-19,119.21,120.69,118,119.43,"12,515,870,173"
10-Feb-19,119.41,124.85,117.11,124.81,"13,080,881,910"
11-Feb-19,124.87,124.87,120.31,121.3,"12,714,795,026"
12-Feb-19,121.18,123.47,119.6,122.57,"12,849,965,121"
13-Feb-19,122.54,125.55,121.61,122.55,"12,849,605,819"
14-Feb-19,122.42,124.45,121.33,121.39,"12,729,213,675"
15-Feb-19,121.45,123.66,121.37,122.1,"12,805,280,766"
16-Feb-19,122.4,124.13,122.3,123.26,"12,928,550,184"
17-Feb-19,123.18,134.46,123.09,133.6,"14,014,695,490"
18-Feb-19,133.03,147.69,133,146.1,"15,327,852,479"
19-Feb-19,146.4,149.93,145.13,145.35,"15,250,901,019"
20-Feb-19,145.17,149.55,142.5,149.55,"15,694,462,393"
21-Feb-19,149.35,149.35,144.56,146.13,"15,337,145,738"
22-Feb-19,146.07,149.27,145.21,149.09,"15,649,961,167"
23-Feb-19,148.68,159.13,147.33,158.8,"16,670,632,412"
24-Feb-19,158.9,165.55,135.85,135.85,"14,263,873,721"
25-Feb-19,135.5,142.53,135.48,139.82,"14,682,597,926"
26-Feb-19,139.65,139.98,136.58,138.09,"14,502,464,167"
27-Feb-19,138.03,141.34,131.6,136.13,"14,298,070,644"
28-Feb-19,136.28,138.85,135.66,136.75,"14,365,118,213"
1-Mar-19,136.84,139,136.43,136.44,"14,335,957,425"
2-Mar-19,136.35,137.18,132.44,134.21,"14,103,698,392"
3-Mar-19,134.79,135.85,131.33,132.25,"13,900,679,027"
4-Mar-19,132.16,132.73,125.4,127.77,"13,432,896,659"
5-Mar-19,127.79,138.23,126.74,137.82,"14,492,117,352"
6-Mar-19,137.96,139.97,136.15,138.79,"14,590,867,639"
7-Mar-19,138.94,140.86,137.27,138.03,"14,513,398,954"
8-Mar-19,138.31,139.5,133.56,135.13,"14,209,542,041"
9-Mar-19,134.89,139.12,134.68,137.97,"14,509,873,018"
10-Mar-19,138.18,138.27,135.69,136.76,"14,384,860,876"
11-Mar-19,136.85,137.35,133.1,133.83,"14,079,044,648"
12-Mar-19,134.01,135.27,130.94,134.44,"14,144,929,392"
13-Mar-19,134.61,134.61,132.72,133.26,"14,022,610,219"
14-Mar-19,133.2,135.18,132.75,133.71,"14,071,628,064"
15-Mar-19,133.57,138.4,133.57,137.69,"14,492,364,551"
16-Mar-19,137.91,144.56,137.91,142.4,"14,989,691,491"
17-Mar-19,142.24,142.37,139.32,140,"14,739,201,597"
18-Mar-19,140.1,142.27,138.84,139.37,"14,675,181,094"
19-Mar-19,139.25,140.99,139.14,140.52,"14,797,612,389"
20-Mar-19,140.48,140.95,138.31,140.69,"14,817,151,375"
21-Mar-19,140.48,141,135.86,136.64,"14,392,427,839"
22-Mar-19,136.56,138.79,136.23,137.18,"14,451,740,115"
23-Mar-19,137.04,139.39,136.91,138.24,"14,565,143,357"
24-Mar-19,138.32,138.38,136.31,136.99,"14,434,995,337"
25-Mar-19,137.08,137.7,133.49,135.03,"14,230,733,149"
26-Mar-19,135.05,135.46,133.76,135.46,"14,277,816,266"
27-Mar-19,135.45,141.08,135.34,140.99,"14,862,394,451"
28-Mar-19,141.01,141.01,138.43,139.42,"14,698,609,599"
29-Mar-19,139.34,142.55,138.05,142.5,"15,025,361,637"
30-Mar-19,142.36,149.61,141.03,142.09,"14,984,615,423"
31-Mar-19,142.14,142.19,140.7,141.51,"14,925,533,137"
1-Apr-19,141.47,142.73,140.74,141.83,"14,960,828,861"
2-Apr-19,141.84,165.23,141.64,163.96,"17,297,572,365"
3-Apr-19,164.01,178.32,157.32,161.46,"17,035,703,564"
4-Apr-19,161.43,164.93,155.24,158.05,"16,678,477,300"
5-Apr-19,158.02,167.22,157.44,165.51,"17,468,192,986"
6-Apr-19,165.51,172.52,161.8,165.95,"17,516,082,778"
7-Apr-19,165.98,175.21,164.93,174.53,"18,424,576,820"
8-Apr-19,174.45,184.38,174.16,180.26,"19,031,640,376"
9-Apr-19,180.22,180.25,175.09,176.11,"18,596,496,042"
10-Apr-19,176.07,183.13,175.23,177.34,"18,728,058,767"
11-Apr-19,177.34,177.49,162.32,165.5,"17,479,876,008"
12-Apr-19,165.34,166.13,161.03,164.74,"17,401,765,647"
13-Apr-19,164.62,166.36,163.01,164.51,"17,380,468,169"
14-Apr-19,164.48,168.59,162.78,167.84,"17,734,050,269"
15-Apr-19,167.9,168.82,159.56,161.57,"17,074,367,783"
16-Apr-19,161.53,167.67,160.89,167.62,"17,715,913,572"
17-Apr-19,167.55,168.94,165.5,166.95,"17,647,086,048"
18-Apr-19,166.91,175.37,166.67,173.81,"18,374,913,022"
19-Apr-19,173.79,173.98,170.62,173.71,"18,366,130,180"
20-Apr-19,173.72,176.71,171.79,173.75,"18,373,023,202"
21-Apr-19,173.72,174.42,167.43,170.05,"17,983,602,095"
22-Apr-19,170.02,173.07,168.73,171.87,"18,179,292,263"
23-Apr-19,172.01,176.85,170.9,171.45,"18,136,462,572"
24-Apr-19,171.35,171.57,161.98,165.83,"17,544,029,659"
25-Apr-19,165.91,166.51,153.85,154.46,"16,343,573,973"
26-Apr-19,154.58,158.03,152.09,156.35,"16,545,462,357"
27-Apr-19,156.27,160.59,155.62,158.43,"16,768,575,998"
28-Apr-19,158.5,159.57,157.13,157.3,"16,650,076,837"
29-Apr-19,157.29,158.33,153.19,155.2,"16,430,642,271"
30-Apr-19,155.17,162.43,155.17,162.17,"17,170,110,493"
1-May-19,162.19,164.06,159.66,160.82,"17,029,616,915"
2-May-19,160.85,162.94,160.06,162.12,"17,169,962,760"
3-May-19,162.08,170.07,161.08,167.95,"17,789,626,262"
4-May-19,167.89,170.65,161.79,164.03,"17,376,070,198"
5-May-19,164.02,165.4,159.7,163.45,"17,317,292,591"
6-May-19,163.34,175.76,159.99,172.65,"18,294,624,766"
7-May-19,172.43,180.39,169.69,169.8,"17,994,460,619"
8-May-19,169.9,172.18,166.41,170.95,"18,118,602,844"
9-May-19,170.95,172.88,167.25,170.29,"18,051,087,500"
10-May-19,170.31,175.89,168.99,173.14,"18,355,936,406"
11-May-19,173.14,203.47,173.14,194.3,"20,602,050,120"
12-May-19,194.16,201.88,183.65,187.33,"19,864,635,091"
13-May-19,187.42,205.1,185.31,196.85,"20,876,934,045"
14-May-19,196.74,217.87,196.05,217.15,"23,033,114,137"
15-May-19,217.01,247.45,216.82,247.15,"26,219,111,162"
16-May-19,246.94,275.39,245.8,264.01,"28,010,958,253"
17-May-19,263.85,266.98,227.77,243.76,"25,866,318,005"
18-May-19,243.91,246.36,233.1,234.6,"24,896,520,187"
19-May-19,234.45,263.74,233.76,261.29,"27,733,299,057"
20-May-19,261.27,261.55,241.8,251.86,"26,736,046,292"
21-May-19,251.65,262.11,248.2,255.22,"27,095,257,004"
22-May-19,255,258.8,242.73,244.7,"25,982,060,192"
23-May-19,244.67,247.62,233.79,245.97,"26,119,891,327"
24-May-19,245.99,255.26,243.24,249.48,"26,497,014,858"
25-May-19,249.69,257.36,249.09,251.76,"26,742,086,786"
26-May-19,251.72,269.17,247.25,267.07,"28,371,943,145"
27-May-19,267.14,278.51,265.44,272.86,"28,991,071,396"
28-May-19,272.59,274.32,267.51,271.77,"28,878,512,607"
29-May-19,271.78,273.76,263.09,269.46,"28,636,457,373"
30-May-19,269.55,287.2,247.35,255.86,"27,194,892,741"
31-May-19,256.02,268.66,249.11,268.11,"28,501,098,831"
1-Jun-19,268.43,273.56,263.52,265.39,"28,215,330,784"
2-Jun-19,265.51,272.81,265.04,270.23,"28,732,949,885"
3-Jun-19,270.09,270.33,251.26,252.61,"26,863,086,906"
4-Jun-19,252.51,252.51,236.13,241.34,"25,667,971,281"
5-Jun-19,241.5,248.14,239.98,247.05,"26,278,874,480"
6-Jun-19,246.93,249.94,238.5,249.47,"26,540,057,659"
7-Jun-19,249.34,254.35,246.6,250.93,"26,698,353,830"
8-Jun-19,251.25,252.38,243.23,245.74,"26,149,221,979"
9-Jun-19,245.54,245.97,229.26,233.09,"24,806,123,509"
10-Jun-19,232.83,247.66,229.34,247.52,"26,345,596,475"
11-Jun-19,247.86,248.66,239.83,245.78,"26,163,906,569"
12-Jun-19,245.93,261.02,244.49,260.9,"27,777,154,177"
13-Jun-19,260.91,262.16,255.6,256.17,"27,276,572,627"
14-Jun-19,256.18,265.37,254.15,264.09,"28,123,338,884"
15-Jun-19,263.93,271.51,262.12,269.02,"28,652,203,067"
16-Jun-19,268.9,278.14,265.54,269.22,"28,677,606,760"
17-Jun-19,269.09,275.44,268.35,274.35,"29,227,567,867"
18-Jun-19,274.32,274.32,263.14,265.05,"28,240,458,529"
19-Jun-19,265.06,270.33,264.75,269.43,"28,710,780,975"
20-Jun-19,269.41,274.07,265.5,271.7,"28,955,655,290"
21-Jun-19,271.74,295.3,271.74,294.91,"31,433,771,859"
22-Jun-19,295.12,315.19,294.73,309.38,"32,980,338,717"
23-Jun-19,309.42,318.57,305.76,307.83,"32,819,043,043"
24-Jun-19,307.72,312.33,299.56,310.42,"33,100,160,024"
25-Jun-19,310.68,318.13,307.64,318.13,"33,925,713,000"
26-Jun-19,317.99,361.4,315.95,336.75,"35,916,727,561"
27-Jun-19,336.96,343.43,278.57,294.27,"31,389,390,615"
28-Jun-19,294.14,313.03,292.94,311.23,"33,202,586,960"
29-Jun-19,311.28,322.04,294.75,320.06,"34,149,263,832"
30-Jun-19,319.58,322.79,290.7,290.7,"31,020,295,932"
1-Jul-19,290.27,301.03,280.02,293.64,"31,338,571,563"
2-Jul-19,293.54,295.66,272.6,291.6,"31,124,332,021"
3-Jul-19,291.76,303.34,291.4,303.1,"32,356,299,765"
4-Jul-19,303.03,303.96,282.77,284.52,"30,377,082,394"
5-Jul-19,284.38,293.92,282.69,288,"30,751,916,427"
6-Jul-19,287.89,295.99,286.67,287.55,"30,707,785,756"
7-Jul-19,287.6,310.14,286.11,305.7,"32,650,611,906"
8-Jul-19,305.73,314.27,303.5,313.25,"33,461,369,498"
9-Jul-19,313.33,318.22,305.29,308.88,"32,998,749,928"
10-Jul-19,308.85,313.07,285.57,290,"30,985,827,113"
11-Jul-19,289.95,290.02,266.09,268.7,"28,713,849,048"
12-Jul-19,268.69,278.86,268,276.28,"29,526,802,979"
13-Jul-19,276.29,276.69,263.07,269.46,"28,801,816,023"
14-Jul-19,269.28,269.64,227.27,227.58,"24,328,422,207"
15-Jul-19,227.97,235.03,210.39,229.78,"24,566,488,597"
16-Jul-19,229.75,234.51,197.38,199.19,"21,298,941,499"
17-Jul-19,199.07,217.98,193.99,211.48,"22,616,651,114"
18-Jul-19,211.44,229.24,208.04,226.57,"24,232,572,603"
19-Jul-19,226.66,226.94,215.84,221.33,"23,675,884,534"
20-Jul-19,221.41,234.2,221.19,229.12,"24,511,869,214"
21-Jul-19,229.17,229.86,219.03,225.63,"24,141,704,293"
22-Jul-19,225.7,226.86,213.45,217.56,"23,281,138,563"
23-Jul-19,217.57,218.52,209.64,212.73,"22,767,023,810"
24-Jul-19,212.55,217.54,203.89,217.05,"23,232,101,232"
25-Jul-19,216.97,224.25,216.14,219.62,"23,510,336,984"
26-Jul-19,219.63,220.24,214.13,219.63,"23,514,586,698"
27-Jul-19,219.62,223.52,204.9,207.41,"22,208,955,063"
28-Jul-19,207.41,212.04,202.25,211.19,"22,616,386,468"
29-Jul-19,211.12,213.93,208.76,211.27,"22,627,969,069"
30-Jul-19,211.34,213.61,206.87,210.52,"22,551,013,736"
31-Jul-19,210.49,218.65,210.44,218.65,"23,425,015,630"
1-Aug-19,218.55,218.81,212.91,217.81,"23,337,361,749"
2-Aug-19,217.88,222.18,215.98,217.87,"23,347,127,327"
3-Aug-19,217.9,224.62,217.33,222.49,"23,845,116,864"
4-Aug-19,222.58,224.23,218.49,222.67,"23,867,371,249"
5-Aug-19,222.65,235.64,222.6,234.22,"25,108,076,876"
6-Aug-19,234.25,239.12,223.55,226.02,"24,232,708,406"
7-Aug-19,225.93,229.66,222.78,226.39,"24,275,514,217"
8-Aug-19,226.52,226.77,216.52,220.94,"23,694,202,562"
9-Aug-19,220.91,221.36,208.25,210.49,"22,576,055,651"
10-Aug-19,210.53,213.73,203.79,206.73,"22,176,113,561"
11-Aug-19,206.73,216.6,206.51,216.09,"23,183,002,869"
12-Aug-19,216.06,216.14,210.95,211.29,"22,670,420,643"
13-Aug-19,211.34,211.38,205.42,208.71,"22,396,531,009"
14-Aug-19,208.6,209.07,186.33,186.61,"20,027,397,541"
15-Aug-19,186.68,189.46,178.14,188.5,"20,233,249,251"
16-Aug-19,188.64,188.91,180.38,185.44,"19,907,120,204"
17-Aug-19,185.53,186.7,182.59,185.69,"19,936,235,953"
18-Aug-19,185.84,197.52,183.69,194.49,"20,884,307,088"
19-Aug-19,194.56,203.56,193.11,203.09,"21,810,324,618"
20-Aug-19,202.81,203.02,195.62,196.57,"21,112,106,339"
21-Aug-19,196.62,197.03,182.69,186.89,"20,075,644,245"
22-Aug-19,186.94,194.42,183.38,191.33,"20,555,295,233"
23-Aug-19,191.11,195.91,189.56,194.71,"20,920,364,879"
24-Aug-19,194.67,194.78,187.63,191.29,"20,555,802,874"
25-Aug-19,191.23,192.16,184.96,186.84,"20,080,495,261"
26-Aug-19,186.74,193.44,186.74,188.93,"20,307,338,403"
27-Aug-19,188.95,188.96,185.47,187.52,"20,158,029,984"
28-Aug-19,187.5,187.93,172.19,173.89,"18,695,530,287"
29-Aug-19,173.96,174,167.17,169.52,"18,227,677,831"
30-Aug-19,169.49,170.77,167.07,168.83,"18,156,660,601"
31-Aug-19,168.89,174.32,167.8,172.47,"18,549,906,272"
1-Sep-19,172.46,173.7,169.53,171.63,"18,461,846,968"
2-Sep-19,171.7,180.15,170.45,178.35,"19,186,913,439"
3-Sep-19,178.36,182.35,175.97,179.5,"19,313,265,198"
4-Sep-19,179.49,180.14,175.33,175.99,"18,938,360,723"
5-Sep-19,175.97,176.16,171.75,174.22,"18,749,645,579"
6-Sep-19,174.17,177.72,168.34,169.96,"18,293,376,881"
7-Sep-19,169.96,180.85,169.44,178.26,"19,189,873,689"
8-Sep-19,178.28,182.98,178.14,181.36,"19,525,276,831"
9-Sep-19,181.36,184.15,177.42,181.15,"19,505,534,124"
10-Sep-19,181.21,184.06,178.12,179.79,"19,361,276,593"
11-Sep-19,179.84,181.76,176.5,178.73,"19,249,367,782"
12-Sep-19,178.8,182,177.85,181.02,"19,498,542,852"
13-Sep-19,180.98,181.5,178.58,181.11,"19,511,050,764"
14-Sep-19,181.32,188.45,180.37,188.11,"20,267,272,633"
15-Sep-19,188.07,190.4,186.45,189.79,"20,451,239,362"
16-Sep-19,189.69,198.2,189.69,197.11,"21,243,167,877"
17-Sep-19,197.11,213.73,196.72,208.61,"22,484,889,435"
18-Sep-19,208.05,216.71,208.05,211.39,"22,787,891,774"
19-Sep-19,211.25,222.87,204.69,221.28,"23,856,751,722"
20-Sep-19,221.07,221.6,215.16,218.05,"23,511,410,671"
21-Sep-19,217.9,220.96,215,215.52,"23,241,121,351"
22-Sep-19,215.49,216.09,207.64,211.55,"22,815,755,536"
23-Sep-19,211.71,211.84,201.89,201.92,"21,780,534,855"
24-Sep-19,201.84,203.5,162.73,168.11,"18,135,747,380"
25-Sep-19,168.13,174.72,164.91,170.89,"18,438,188,568"
26-Sep-19,170.76,171.69,157.13,166.73,"17,991,000,062"
27-Sep-19,166.65,175.61,163.21,174.71,"18,854,855,889"
28-Sep-19,174.68,175.78,170.77,174.57,"18,842,313,324"
29-Sep-19,174.61,175.21,167,170.5,"18,405,401,315"
30-Sep-19,170.46,179.87,167.04,179.87,"19,419,149,343"
1-Oct-19,180.21,185.05,175.81,177.34,"19,148,222,892"
2-Oct-19,177.22,180.83,175.33,180.71,"19,514,521,236"
3-Oct-19,180.7,180.8,172.6,175.2,"18,921,747,814"
4-Oct-19,175.24,178.55,173.56,176.99,"19,116,991,692"
5-Oct-19,176.95,177.71,173.07,176.35,"19,050,956,367"
6-Oct-19,176.36,177.36,171.3,173.06,"18,697,637,484"
7-Oct-19,172.94,182.36,171.53,181.19,"19,578,142,143"
8-Oct-19,181.11,184.36,179.13,182.02,"19,670,825,764"
9-Oct-19,182.04,194.3,180.67,193.29,"20,891,536,595"
10-Oct-19,193.19,193.9,188.31,191.66,"20,717,535,747"
11-Oct-19,191.8,195.32,181.66,182.57,"19,737,401,838"
12-Oct-19,182.53,186.3,179.98,180.83,"19,551,368,532"
13-Oct-19,180.86,185.08,180.32,182.08,"19,688,808,994"
14-Oct-19,182.03,187.3,181.66,186.96,"20,219,637,357"
15-Oct-19,186.98,187.76,179.46,181.41,"19,621,350,993"
16-Oct-19,181.34,181.67,174.06,176.01,"19,040,429,002"
17-Oct-19,175.91,178.9,174.57,178.03,"19,260,755,682"
18-Oct-19,177.99,178.18,171.01,173.62,"18,786,275,035"
19-Oct-19,173.65,175.61,172.22,172.91,"18,711,940,303"
20-Oct-19,172.97,176.72,171.21,175.53,"18,997,957,789"
21-Oct-19,175.52,177.74,173.29,174.92,"18,933,882,640"
22-Oct-19,174.91,175.65,172.27,172.3,"18,652,588,580"
23-Oct-19,172.26,172.42,157.46,162.4,"17,583,244,177"
24-Oct-19,162.51,164.15,160.89,162.17,"17,560,021,218"
25-Oct-19,162.19,183,161.97,181.52,"19,658,140,299"
26-Oct-19,181.67,195.94,176.13,179.84,"19,477,741,705"
27-Oct-19,179.93,188.16,177.68,184.24,"19,957,408,085"
28-Oct-19,184.4,187.88,180.25,182.66,"19,788,729,316"
29-Oct-19,182.67,191.85,182.36,190.34,"20,623,205,054"
30-Oct-19,190.34,191.11,181.55,184.69,"20,013,431,227"
31-Oct-19,184.8,188.75,180.07,183.97,"19,937,256,794"
1-Nov-19,183.8,185.06,181.09,183.97,"19,940,014,311"
2-Nov-19,184.02,185.71,182.8,183.93,"19,937,622,287"
3-Nov-19,183.99,185.02,179.82,182.43,"19,777,347,724"
4-Nov-19,182.32,188.02,181.82,186.36,"20,205,859,402"
5-Nov-19,186.31,191.26,184.33,189.3,"20,528,094,420"
6-Nov-19,189.11,193.55,188.67,191.59,"20,778,894,603"
7-Nov-19,191.5,191.86,186.57,187.98,"20,389,037,934"
8-Nov-19,187.92,188.82,182.54,184.21,"19,983,058,356"
9-Nov-19,184.31,185.84,183.9,185.03,"20,074,095,541"
10-Nov-19,184.94,190.92,184.69,189.48,"20,559,121,065"
11-Nov-19,189.5,190.34,185.09,185.49,"20,128,792,760"
12-Nov-19,185.56,187.95,184.19,186.84,"20,278,071,676"
13-Nov-19,186.94,189.33,185.94,188.26,"20,434,064,781"
14-Nov-19,188.27,188.63,184.99,186,"20,191,206,220"
15-Nov-19,186.06,186.25,179.38,180.52,"19,598,770,324"
16-Nov-19,180.5,184.16,179.99,183.35,"19,908,020,821"
17-Nov-19,183.35,188.19,182.34,185.12,"20,102,654,601"
18-Nov-19,185.04,186.93,179.18,180.56,"19,609,782,345"
19-Nov-19,180.5,182.53,175.2,177.46,"19,274,876,583"
20-Nov-19,177.42,178.99,175.29,175.7,"19,086,228,092"
21-Nov-19,175.67,176.21,159.37,161.46,"17,541,867,626"
22-Nov-19,161.51,163.03,142.34,150.27,"16,327,536,038"
23-Nov-19,150.21,154.1,147.6,153.42,"16,671,705,910"
